LOCATION,PRICE,FACING,FLOOR,BEDROOM,BATHROOM,LAND AREA (sqft),ROAD ACCESS (ft),PROPERTY AGE,HAS_PARKING,HAS_BALCONY,HAS_GARDEN,HAS_MODULAR_KITCHEN,LOCATION_ENCODED
"Imadol, Lalitpur",29000000.0,west,3.0,5.0,4.0,1369.0,12.0,6.0,1,0,0,1,29527777.777777776
"Satdobato, Lalitpur",47500000.0,west,4.5,5.0,6.0,1026.75,10.0,6.0,1,0,0,1,43187500.0
"Imadol, Lalitpur",19900000.0,west,2.5,4.0,4.0,787.175,10.0,22.0,1,1,0,1,29527777.777777776
"Bhaisepati, Lalitpur",40000000.0,north-west,2.5,4.0,3.0,2395.75,12.0,23.0,1,1,1,1,47632203.38983051
"Bhaisepati, Lalitpur",33000000.0,north-west,2.5,4.0,3.0,1095.2,13.0,8.0,1,0,0,0,47632203.38983051
"Budhanilkantha, Kathmandu",40000000.0,north-east,2.5,5.0,4.0,1471.675,14.0,17.0,1,1,0,1,51359210.526315786
"Gyaneshwor, Kathmandu",45000000.0,west,5.5,13.0,5.0,752.95,10.0,16.0,1,0,0,1,45000000.0
"Bhaisepati, Lalitpur",30000000.0,east,3.0,5.0,5.0,1711.25,12.0,7.0,1,1,0,0,47632203.38983051
"Imadol, Lalitpur",49900000.0,north-east,3.0,6.0,5.0,1779.7,13.0,3.0,1,1,0,0,29527777.777777776
"Kharibot, Kathmandu",24500000.0,south,2.5,4.0,2.0,1026.75,16.0,12.0,0,1,0,0,31575000.0
"Bafal, Kathmandu",25000000.0,south-east,4.0,4.0,5.0,1369.0,13.0,4.0,1,1,0,1,39055555.55555555
"Khumaltar, Lalitpur",42500000.0,south-east,2.5,4.0,4.0,1369.0,20.0,4.0,1,1,0,0,44153846.15384615
"Bhaisepati, Lalitpur",65000000.0,south-east,2.5,4.0,5.0,2121.9500000000003,12.0,5.0,1,1,0,0,47632203.38983051
"Bhaisepati, Lalitpur",36000000.0,south-west,2.5,4.0,5.0,1437.45,13.0,5.0,1,1,0,1,47632203.38983051
"Khumaltar, Lalitpur",58000000.0,north-west,3.5,6.0,6.0,1711.25,14.0,4.0,1,1,0,0,44153846.15384615
"Bhaisepati, Lalitpur",25000000.0,south-east,3.5,5.0,7.0,1095.2,12.0,4.0,1,1,0,0,47632203.38983051
"Bhaisepati, Lalitpur",48000000.0,south-east,3.0,4.0,4.0,1779.7,16.0,5.0,1,1,0,0,47632203.38983051
"Tahachal, Kathmandu",66500000.0,north,3.0,4.0,5.0,1403.225,20.0,5.0,1,1,0,0,104333333.33333333
"Dhapasi, Kathmandu",133000000.0,north-east,2.5,5.0,5.0,3285.6,14.0,5.0,1,1,1,0,38452173.91304348
"Thecho, Lalitpur",85000000.0,east,3.5,5.0,7.0,2395.75,12.0,4.0,1,1,0,0,45833333.333333336
"Bhaisepati, Lalitpur",55000000.0,north-east,2.5,4.0,5.0,1711.25,12.0,4.0,1,0,0,1,47632203.38983051
"Bhaisepati, Lalitpur",47500000.0,south,2.5,4.0,4.0,1060.9750000000001,20.0,7.0,1,1,0,0,47632203.38983051
"Imadol, Lalitpur",29500000.0,south,3.0,5.0,4.0,1095.2,13.0,7.0,1,0,0,1,29527777.777777776
"Sanepa, Lalitpur",63500000.0,north-west,2.5,5.0,3.0,1711.25,10.0,4.0,1,0,0,1,66750000.0
"Bhaisepati, Lalitpur",85000000.0,west,2.5,5.0,6.0,2395.75,13.0,7.0,1,1,0,1,47632203.38983051
"Maharajgunj, Kathmandu",105000000.0,south,2.5,4.0,4.0,3764.75,12.0,4.0,1,1,1,0,87200000.0
"Bhaisepati, Lalitpur",64000000.0,east,2.5,4.0,4.0,2395.75,26.0,7.0,1,1,0,0,47632203.38983051
"Sunakothi, Lalitpur",35000000.0,north,2.5,3.0,4.0,1369.0,20.0,2.0,1,1,0,0,44000000.0
"Kapan, Kathmandu",22000000.0,south,2.5,6.0,5.0,1026.75,16.0,4.0,1,0,0,0,27269230.769230768
"Dhobighat, Lalitpur",37500000.0,south,2.5,4.0,4.0,1026.75,16.0,4.0,1,0,0,1,37500000.0
"Hattiban, Lalitpur",80000000.0,south,2.0,5.0,4.0,2053.5,20.0,4.0,1,1,0,1,40300000.0
"Satdobato, Lalitpur",55000000.0,south-east,3.5,6.0,7.0,1437.45,13.0,5.0,1,1,0,1,43187500.0
"Bhaisepati, Lalitpur",55000000.0,south-west,2.5,4.0,4.0,1129.425,13.0,7.0,1,1,0,1,47632203.38983051
"Sanepa, Lalitpur",77500000.0,south-west,2.5,5.0,5.0,3080.25,20.0,4.0,1,1,0,1,66750000.0
"Budhanilkantha, Kathmandu",160000000.0,north,2.5,7.0,7.0,4107.0,13.0,8.0,1,1,1,0,51359210.526315786
"Imadol, Lalitpur",31900000.0,south,2.5,5.0,3.0,1403.225,13.0,4.0,1,1,0,0,29527777.777777776
"Sitapaila, Kathmandu",25000000.0,west,2.5,4.0,3.0,1026.75,13.0,8.0,1,1,0,0,31995000.0
"Pokhara, Kaski",120000000.0,west,2.5,4.0,4.0,3764.75,20.0,2.0,1,1,0,1,59166666.666666664
"Bhaisepati, Lalitpur",62500000.0,north-west,2.5,5.0,6.0,2190.4,13.0,4.0,1,0,0,0,47632203.38983051
"Budhanilkantha, Kathmandu",160000000.0,north,2.5,7.0,7.0,4107.0,12.0,4.0,1,1,0,1,51359210.526315786
"Hattiban, Lalitpur",28000000.0,north,2.5,4.0,4.0,752.95,12.0,4.0,1,1,0,1,40300000.0
"Imadol, Lalitpur",59900000.0,east,2.5,5.0,5.0,2395.75,20.0,4.0,1,1,0,0,29527777.777777776
"Bhaisepati, Lalitpur",48000000.0,south,2.5,6.0,4.0,1711.25,25.0,4.0,1,1,0,1,47632203.38983051
"Imadol, Lalitpur",25000000.0,north,3.0,5.0,3.0,1060.9750000000001,13.0,6.0,1,1,0,1,29527777.777777776
"Bhaisepati, Lalitpur",40000000.0,north-east,2.5,4.0,5.0,1369.0,18.0,6.0,1,1,0,0,47632203.38983051
"Nakhipot, Lalitpur",60000000.0,east,2.5,5.0,3.0,2395.75,13.0,6.0,1,1,0,0,34208333.333333336
"Imadol, Lalitpur",25000000.0,west,2.5,4.0,4.0,1197.875,12.0,11.0,1,0,0,1,29527777.777777776
"Imadol, Lalitpur",27000000.0,east,2.0,5.0,4.0,1129.425,12.0,4.0,1,1,0,0,29527777.777777776
"Gwarko, Lalitpur",27500000.0,north,2.5,5.0,4.0,1026.75,12.0,8.0,1,0,0,1,26142857.14285714
"Budhanilkantha, Kathmandu",110000000.0,south-east,2.5,5.0,5.0,3764.75,16.0,5.0,1,1,0,0,51359210.526315786
"Hattiban, Lalitpur",32500000.0,north-east,2.5,6.0,4.0,1129.425,15.0,5.0,1,1,0,0,40300000.0
"Hattiban, Lalitpur",28000000.0,south-west,2.0,5.0,4.0,1060.9750000000001,13.0,4.0,1,1,0,1,40300000.0
"Imadol, Lalitpur",31000000.0,west,3.0,6.0,4.0,1095.2,12.0,4.0,1,1,1,1,29527777.777777776
"Baneshwor, Kathmandu",40000000.0,south,2.5,4.0,4.0,1711.25,13.0,5.0,1,1,0,0,44950000.0
"Tokha, Kathmandu",35000000.0,north,2.5,3.0,3.0,2053.5,15.0,7.0,0,1,0,0,32375000.0
"Imadol, Lalitpur",31500000.0,east,2.0,6.0,5.0,1779.7,20.0,4.0,0,0,0,1,29527777.777777776
"Ochu Height, Lalitpur",29000000.0,south,2.5,6.0,6.0,1095.2,13.0,5.0,1,0,0,1,27000000.0
"Imadol, Lalitpur",42500000.0,east,3.0,5.0,4.0,1437.45,20.0,4.0,1,0,0,1,29527777.777777776
"Bhaisepati, Lalitpur",46500000.0,south-east,2.0,4.0,4.0,1369.0,12.0,8.0,1,0,0,1,47632203.38983051
"Sanepa, Lalitpur",59500000.0,north-east,3.0,6.0,5.0,1711.25,16.0,4.0,1,1,0,1,66750000.0
"Nakkhu, Lalitpur",39000000.0,east,2.5,4.0,4.0,1711.25,13.0,4.0,1,0,0,1,33960000.0
"Setipakha, Lalitpur",32000000.0,east,3.0,8.0,3.0,1369.0,13.0,4.0,1,1,1,0,25642857.14285714
"Setipakha, Lalitpur",32500000.0,east,3.0,8.0,3.0,1369.0,13.0,5.0,1,1,1,1,25642857.14285714
"Sunakothi, Lalitpur",51500000.0,south,2.5,4.0,4.0,2429.975,20.0,8.0,1,0,1,0,44000000.0
"Kalanki, Kathmandu",35000000.0,south,3.5,8.0,6.0,1369.0,10.0,7.0,1,1,0,0,34900000.0
"Imadol, Lalitpur",32500000.0,east,2.5,4.0,4.0,1471.675,20.0,4.0,1,0,1,0,29527777.777777776
"Bhangal , Kathmandu",32000000.0,north,2.5,5.0,6.0,1060.9750000000001,13.0,8.0,1,1,0,0,27633333.333333332
"Sukedhara, Kathmandu",55000000.0,south,2.5,5.0,3.0,1779.7,13.0,7.0,1,1,0,0,33192307.692307692
"Setipakha, Lalitpur",23000000.0,east,2.5,5.0,3.0,787.175,13.0,8.0,1,1,1,1,25642857.14285714
"Chandragiri, Kathmandu",17000000.0,east,2.0,3.0,3.0,1129.425,20.0,4.0,1,1,0,0,20920000.0
"Imadol, Lalitpur",24000000.0,south,3.5,5.0,4.0,787.175,13.0,5.0,1,1,0,0,29527777.777777776
"Tikathali, Lalitpur",27500000.0,south,2.5,4.0,4.0,1369.0,13.0,8.0,1,1,0,0,25147058.82352941
"Tikathali, Lalitpur",22500000.0,south,2.5,4.0,3.0,1095.2,13.0,8.0,1,1,0,0,25147058.82352941
"Lubhu, Lalitpur",18000000.0,east,2.5,4.0,4.0,1437.45,13.0,4.0,1,1,0,0,22600000.0
"Imadol, Lalitpur",25000000.0,south,2.5,3.0,3.0,1095.2,14.0,5.0,1,1,0,0,29527777.777777776
"Setipakha, Lalitpur",16500000.0,north-east,1.0,1.0,1.0,1060.9750000000001,13.0,8.0,1,1,1,1,25642857.14285714
"Bhaisepati, Lalitpur",51000000.0,south,2.5,5.0,5.0,2156.1749999999997,12.0,4.0,1,1,0,0,47632203.38983051
"Imadol, Lalitpur",59900000.0,east,2.5,5.0,3.0,2395.75,20.0,5.0,1,1,0,0,29527777.777777776
"Imadol, Lalitpur",32500000.0,east,2.5,4.0,3.0,1471.675,20.0,8.0,1,1,1,0,29527777.777777776
"Bhaisepati, Lalitpur",27500000.0,north,2.5,5.0,5.0,1095.2,13.0,5.0,1,1,0,0,47632203.38983051
"Sudal, Bhaktapur",12700000.0,east,1.0,2.0,1.0,1369.0,13.0,8.0,0,1,0,1,16850000.0
"Bhaisepati, Lalitpur",61000000.0,south,3.5,6.0,4.0,2053.5,18.0,12.0,1,1,1,0,47632203.38983051
"Hattiban, Lalitpur",36900000.0,south,3.5,5.0,4.0,1403.225,18.0,3.0,1,1,1,0,40300000.0
"Nil Barahi Mandir, Bhaktapur",15500000.0,south-west,2.5,6.0,3.0,1095.2,20.0,4.0,1,1,0,0,17750000.0
"Dhapasi, Kathmandu",42500000.0,west,2.5,7.0,6.0,1437.45,13.0,2.0,1,1,0,0,38452173.91304348
"Budhanilkantha, Kathmandu",28000000.0,south,3.0,6.0,6.0,1095.2,16.0,6.0,1,1,0,0,51359210.526315786
"Lubhu, Lalitpur",13300000.0,south,1.5,2.0,1.0,1026.75,13.0,5.0,1,0,1,0,22600000.0
"Imadol, Lalitpur",16000000.0,south,2.0,4.0,2.0,752.95,13.0,7.0,1,1,1,1,29527777.777777776
"Harisiddhi, Lalitpur",25000000.0,west,2.5,4.0,4.0,1060.9750000000001,13.0,14.0,1,1,0,0,27357142.85714286
"Harisiddhi, Lalitpur",28000000.0,west,2.5,5.0,4.0,1026.75,20.0,6.0,1,0,0,0,27357142.85714286
"Imadol, Lalitpur",27000000.0,south-west,2.5,5.0,3.0,1095.2,14.0,6.0,1,1,0,0,29527777.777777776
"Bhaisepati, Lalitpur",39900000.0,south,2.5,5.0,5.0,1437.45,16.0,6.0,1,1,0,0,47632203.38983051
"Bhaisepati, Lalitpur",49900000.0,south,3.5,4.0,4.0,1711.25,16.0,6.0,1,1,0,0,47632203.38983051
"Lubhu, Lalitpur",17000000.0,east,2.5,5.0,3.0,1437.45,10.0,6.0,1,0,0,1,22600000.0
"Bhaisepati, Lalitpur",42500000.0,south-west,2.5,4.0,4.0,1129.425,20.0,6.0,1,1,1,0,47632203.38983051
"Sanagaun, Lalitpur",17000000.0,west,2.0,4.0,2.0,1026.75,13.0,5.0,1,1,1,0,20875000.0
"Balkot, Bhaktapur",52500000.0,south-east,2.5,5.0,4.0,1711.25,20.0,6.0,1,1,1,0,37750000.0
"Bageshwori, Bhaktapur",25000000.0,south,2.5,7.0,3.0,1711.25,13.0,8.0,1,1,1,0,25000000.0
"Bhangal , Kathmandu",32000000.0,west,2.5,7.0,5.0,1437.45,13.0,3.0,1,1,0,0,27633333.333333332
"Tikathali, Lalitpur",25000000.0,south,3.0,6.0,3.0,1095.2,18.0,6.0,1,1,0,0,25147058.82352941
"Imadol, Lalitpur",23500000.0,west,2.5,4.0,3.0,1095.2,13.0,6.0,1,1,0,0,29527777.777777776
"Samakhusi, Kathmandu",39000000.0,west,2.5,3.0,4.0,1026.75,13.0,6.0,1,1,0,0,33875000.0
"Budhanilkantha, Kathmandu",33000000.0,north,2.5,5.0,5.0,2053.5,12.0,6.0,1,1,1,0,51359210.526315786
"Chandol, Kathmandu",85000000.0,east,2.5,6.0,6.0,3182.925,20.0,12.0,1,1,1,0,87500000.0
"Hepali Height, Kathmandu",60300000.0,north,3.5,4.0,4.0,1711.25,16.0,2.0,1,1,1,0,41700000.0
"Imadol, Lalitpur",16500000.0,south,2.5,4.0,2.0,1060.9750000000001,16.0,6.0,1,1,0,0,29527777.777777776
"Imadol, Lalitpur",22500000.0,north-west,2.5,4.0,4.0,1060.9750000000001,20.0,6.0,1,1,0,0,29527777.777777776
"Hepali Height, Kathmandu",33000000.0,south,2.5,6.0,5.0,2121.9500000000003,13.0,6.0,1,1,1,0,41700000.0
"Mandikhatar, Kathmandu",75000000.0,south-west,3.5,8.0,6.0,3114.475,16.0,6.0,1,1,0,0,43173333.333333336
"Imadol, Lalitpur",27500000.0,west,3.0,5.0,3.0,1060.9750000000001,13.0,5.0,1,1,0,1,29527777.777777776
"Bojepokhari, Lalitpur",28500000.0,east,2.5,6.0,5.0,1095.2,12.0,5.0,1,1,0,0,25500000.0
"Hattigaunda, Kathmandu",31500000.0,east,2.5,6.0,5.0,1369.0,14.0,2.0,1,1,0,0,42730769.23076923
"Tikathali, Lalitpur",27500000.0,north,2.5,7.0,4.0,1369.0,13.0,9.0,1,1,0,0,25147058.82352941
"Imadol, Lalitpur",23500000.0,east,3.5,6.0,4.0,1026.75,13.0,8.0,1,1,0,0,29527777.777777776
"Thaiba, Lalitpur",29000000.0,north-east,2.5,6.0,4.0,1779.7,20.0,8.0,1,1,1,0,39166666.666666664
"Tikathali, Lalitpur",25500000.0,north,3.0,6.0,5.0,1026.75,13.0,8.0,1,1,0,0,25147058.82352941
"Imadol, Lalitpur",32500000.0,north,2.5,3.0,4.0,1369.0,20.0,6.0,1,1,0,0,29527777.777777776
"Imadol, Lalitpur",27000000.0,east,3.5,5.0,4.0,1129.425,13.0,6.0,1,1,0,0,29527777.777777776
"Imadol, Lalitpur",24500000.0,west,2.5,4.0,4.0,1060.9750000000001,13.0,9.0,1,1,0,0,29527777.777777776
"Imadol, Lalitpur",29500000.0,north,2.5,5.0,5.0,1437.45,13.0,9.0,1,1,0,0,29527777.777777776
"Lasuntar, Kathmandu",25000000.0,north-east,2.5,5.0,3.0,1369.0,12.0,2.0,1,0,0,1,28000000.0
"Khumaltar, Lalitpur",45000000.0,south,2.5,6.0,3.0,2053.5,13.0,8.0,1,1,0,0,44153846.15384615
"Imadol, Lalitpur",24000000.0,east,3.0,4.0,4.0,787.175,13.0,9.0,1,1,0,0,29527777.777777776
"Imadol, Lalitpur",23000000.0,north,3.0,4.0,4.0,752.95,13.0,9.0,1,1,0,0,29527777.777777776
"Imadol, Lalitpur",26500000.0,south-west,3.0,4.0,5.0,1369.0,13.0,8.0,1,1,0,0,29527777.777777776
"Tikathali, Lalitpur",32000000.0,north-west,2.5,5.0,4.0,1403.225,13.0,6.0,1,1,0,0,25147058.82352941
"Imadol, Lalitpur",29000000.0,east,2.5,5.0,5.0,1026.75,13.0,6.0,1,1,0,0,29527777.777777776
"Imadol, Lalitpur",27500000.0,west,3.5,6.0,4.0,1026.75,20.0,8.0,0,1,0,0,29527777.777777776
"Tikathali, Lalitpur",25500000.0,north-east,3.0,6.0,6.0,1095.2,13.0,9.0,1,1,0,0,25147058.82352941
"Imadol, Lalitpur",27500000.0,west,2.5,5.0,5.0,1060.9750000000001,13.0,9.0,1,1,0,0,29527777.777777776
"Imadol, Lalitpur",34000000.0,west,3.0,5.0,4.0,1095.2,26.0,6.0,1,1,0,0,29527777.777777776
"Nakkhu, Lalitpur",27500000.0,east,2.5,4.0,4.0,1095.2,20.0,6.0,1,1,0,0,33960000.0
"Imadol, Lalitpur",42500000.0,north-east,2.5,5.0,3.0,1403.225,20.0,9.0,1,1,0,0,29527777.777777776
"Sanagaun, Lalitpur",16000000.0,north-east,2.5,4.0,3.0,1779.7,13.0,12.0,1,1,0,1,20875000.0
"Samakhushi chowk, Kathmandu",35500000.0,north,2.5,6.0,4.0,1095.2,13.0,3.0,1,1,0,0,38500000.0
"Imadol, Lalitpur",27500000.0,north-east,2.5,6.0,4.0,1026.75,13.0,10.0,1,1,0,0,29527777.777777776
"Lubhu, Lalitpur",59000000.0,east,2.5,6.0,5.0,2429.975,20.0,8.0,1,1,0,0,22600000.0
"Taukhel, Lalitpur",27500000.0,west,3.0,5.0,3.0,1369.0,12.0,6.0,1,1,0,0,27500000.0
"Hattiban, Lalitpur",28000000.0,south,2.5,6.0,4.0,1060.9750000000001,13.0,12.0,1,1,0,0,40300000.0
"Hattiban, Lalitpur",32500000.0,north-west,2.5,6.0,4.0,1369.0,14.0,19.0,1,1,0,0,40300000.0
"Sundarbasti, Kathmandu",39000000.0,east,2.5,6.0,5.0,1437.45,13.0,11.0,1,1,1,0,34144444.44444445
"Narayanthan , Kathmandu",42500000.0,west,2.5,4.0,6.0,1369.0,20.0,16.0,1,1,1,0,52071428.571428575
"Katunje, Bhaktapur",34000000.0,south-west,2.5,5.0,4.0,1403.225,13.0,10.0,1,1,0,0,28750000.0
"Dhapasi, Kathmandu",47500000.0,east,3.0,4.0,5.0,2395.75,20.0,14.0,1,1,1,0,38452173.91304348
"Sundarbasti, Kathmandu",34500000.0,north-east,2.5,4.0,4.0,1129.425,13.0,10.0,1,1,0,0,34144444.44444445
"Nayapati, Kathmandu",29000000.0,west,2.5,11.0,4.0,2087.725,20.0,6.0,0,1,1,0,29000000.0
"Imadol, Lalitpur",26500000.0,south-west,3.5,5.0,4.0,992.525,13.0,6.0,1,1,0,0,29527777.777777776
"Nakhipot, Lalitpur",42500000.0,south-east,3.5,7.0,5.0,1437.45,16.0,23.0,1,1,0,0,34208333.333333336
"Khumaltar, Lalitpur",42000000.0,south,3.0,6.0,5.0,1437.45,12.0,12.0,1,1,0,0,44153846.15384615
"Jyotinagar, Kathmandu",29500000.0,north,3.5,5.0,4.0,1437.45,16.0,8.0,1,1,0,0,30460000.0
"Kuleshwor, Kathmandu",45000000.0,east,5.0,7.0,4.0,752.95,27.0,17.0,0,1,0,1,45000000.0
"Khumaltar, Lalitpur",39000000.0,north,2.5,6.0,4.0,1471.675,16.0,12.0,1,1,0,0,44153846.15384615
"Dhapasi, Kathmandu",46000000.0,south,2.5,4.0,5.0,2464.2000000000003,13.0,11.0,1,1,1,0,38452173.91304348
"Bhangal , Kathmandu",24000000.0,east,2.5,6.0,5.0,1095.2,13.0,12.0,1,0,0,1,27633333.333333332
"Mahadevtar, Kathmandu",60000000.0,south-west,3.5,8.0,5.0,3490.95,13.0,10.0,1,1,1,0,53250000.0
"Budhanilkantha, Kathmandu",38500000.0,east,3.0,6.0,5.0,1437.45,13.0,10.0,1,1,0,0,51359210.526315786
"Pasikot, Kathmandu",28000000.0,west,2.5,5.0,4.0,1369.0,13.0,6.0,1,0,0,1,32693333.333333332
"Imadol, Lalitpur",23000000.0,north,3.5,3.0,4.0,787.175,13.0,18.0,1,1,0,0,29527777.777777776
"Satdobato, Lalitpur",26000000.0,east,2.0,5.0,3.0,1026.75,20.0,18.0,1,1,0,0,43187500.0
"Budhanilkantha, Kathmandu",25500000.0,east,3.5,5.0,5.0,1026.75,12.0,12.0,1,1,0,0,51359210.526315786
"Banasthali, Kathmandu",50000000.0,east,2.5,5.0,3.0,2738.0,20.0,8.0,1,1,0,0,43800000.0
"Hattigaunda, Kathmandu",33000000.0,east,2.5,4.0,4.0,1779.7,13.0,12.0,1,1,0,1,42730769.23076923
"Phutung, Kathmandu",16000000.0,west,2.5,4.0,4.0,752.95,13.0,12.0,1,1,0,0,21000000.0
"Gurjudhara, Kathmandu",32500000.0,south,2.5,5.0,4.0,1369.0,13.0,17.0,0,1,0,0,22666666.666666668
"Pasikot, Kathmandu",39000000.0,east,2.5,5.0,6.0,1779.7,20.0,23.0,1,0,0,1,32693333.333333332
"Balkumari, Lalitpur",55000000.0,east,2.5,6.0,3.0,3080.25,13.0,13.0,1,1,0,0,67125000.0
"Bhaisepati, Lalitpur",42500000.0,north-west,2.5,5.0,4.0,1437.45,16.0,3.0,1,1,0,0,47632203.38983051
"Imadol, Lalitpur",31000000.0,south,2.5,4.0,3.0,1369.0,13.0,3.0,1,1,0,0,29527777.777777776
"Sitapaila, Kathmandu",35000000.0,south,2.5,5.0,3.0,1711.25,13.0,6.0,1,1,1,0,31995000.0
"Balkhu, Kathmandu",37000000.0,east,2.5,4.0,4.0,1095.2,20.0,27.0,1,1,0,1,37000000.0
"Tikathali, Lalitpur",28500000.0,east,2.5,6.0,4.0,1026.75,13.0,12.0,1,1,0,0,25147058.82352941
"Imadol, Lalitpur",36500000.0,east,3.0,7.0,4.0,1369.0,13.0,10.0,1,1,0,0,29527777.777777776
"Grande Hospital, Kathmandu",33000000.0,south,2.5,6.0,4.0,1095.2,13.0,3.0,1,1,1,0,28160000.0
"Hattigaunda, Kathmandu",62500000.0,south,2.0,5.0,7.0,2053.5,20.0,27.0,0,0,1,1,42730769.23076923
"Hattigaunda, Kathmandu",75000000.0,south,2.5,7.0,6.0,2738.0,13.0,10.0,0,0,0,1,42730769.23076923
"Imadol, Lalitpur",35000000.0,west,2.5,3.0,3.0,1060.9750000000001,30.0,13.0,1,1,0,0,29527777.777777776
"Imadol, Lalitpur",31000000.0,east,2.5,4.0,4.0,1095.2,13.0,13.0,1,1,0,0,29527777.777777776
"Gwarko, Lalitpur",23500000.0,north-east,3.0,6.0,3.0,1026.75,13.0,3.0,1,1,0,0,26142857.14285714
"Gwarko, Lalitpur",29500000.0,west,3.5,4.0,4.0,1026.75,13.0,3.0,0,1,0,0,26142857.14285714
"Budhanilkantha, Kathmandu",46500000.0,east,3.5,6.0,4.0,1711.25,13.0,6.0,1,0,0,1,51359210.526315786
"Budhanilkantha, Kathmandu",31500000.0,south,3.0,6.0,6.0,1369.0,13.0,9.0,1,1,0,0,51359210.526315786
"Uttardhoka, Kathmandu",15000000.0,south,2.0,5.0,2.0,1369.0,20.0,6.0,1,1,1,0,15000000.0
"Budhanilkantha, Kathmandu",22500000.0,south-east,2.0,2.0,2.0,3080.25,13.0,10.0,1,1,0,0,51359210.526315786
"Imadol, Lalitpur",19000000.0,east,2.5,4.0,4.0,787.175,13.0,3.0,1,1,0,0,29527777.777777776
"Satdobato, Lalitpur",31000000.0,west,2.5,4.0,4.0,1129.425,13.0,27.0,1,1,0,0,43187500.0
"Bhaisepati, Lalitpur",43500000.0,east,2.5,4.0,4.0,1437.45,20.0,10.0,1,1,1,0,47632203.38983051
"Gwarko, Lalitpur",22000000.0,north,2.5,5.0,4.0,1060.9750000000001,12.0,12.0,1,1,0,0,26142857.14285714
"Imadol, Lalitpur",31000000.0,east,3.0,5.0,4.0,1369.0,13.0,10.0,1,1,0,0,29527777.777777776
"Sitapaila, Kathmandu",55000000.0,west,2.5,6.0,3.0,2053.5,20.0,9.0,1,1,1,0,31995000.0
"Gongabu, Kathmandu",60000000.0,north,5.0,10.0,6.0,2429.975,12.0,6.0,0,1,0,1,38428571.428571425
"Imadol, Lalitpur",28000000.0,north,2.5,5.0,4.0,1026.75,13.0,13.0,1,1,0,0,29527777.777777776
"Ochu Height, Lalitpur",27500000.0,north,3.0,6.0,5.0,1060.9750000000001,13.0,4.0,1,1,0,0,27000000.0
"Gwarko, Lalitpur",29500000.0,south,2.5,5.0,4.0,1095.2,13.0,9.0,1,1,0,0,26142857.14285714
"Lubhu, Lalitpur",19500000.0,west,3.0,5.0,6.0,787.175,23.0,6.0,1,1,0,0,22600000.0
"Lalitpur, Lalitpur",27000000.0,south,2.5,5.0,4.0,1095.2,13.0,21.0,1,1,0,0,27000000.0
"Imadol, Lalitpur",28000000.0,east,2.5,6.0,4.0,1369.0,16.0,13.0,1,1,0,0,29527777.777777776
"Imadol, Lalitpur",29000000.0,east,2.5,3.0,3.0,1026.75,14.0,11.0,1,1,0,0,29527777.777777776
"Imadol, Lalitpur",29000000.0,east,3.0,5.0,5.0,1095.2,13.0,3.0,1,1,0,0,29527777.777777776
"Imadol, Lalitpur",29000000.0,east,2.5,4.0,4.0,1095.2,13.0,6.0,0,1,0,0,29527777.777777776
"Bhaisepati, Lalitpur",45000000.0,east,3.0,4.0,4.0,1711.25,13.0,6.0,1,1,0,0,47632203.38983051
"Dhapasi, Kathmandu",22500000.0,north-west,2.5,4.0,2.0,787.175,13.0,13.0,1,1,0,0,38452173.91304348
"Golfutar, Kathmandu",26000000.0,east,2.0,5.0,5.0,1026.75,14.0,12.0,1,0,1,1,37055555.55555555
"Dadhikot, Bhaktapur",33000000.0,south-west,3.5,8.0,5.0,1471.675,13.0,3.0,1,1,1,0,29333333.333333332
"Harisiddhi, Lalitpur",27000000.0,south,2.5,3.0,4.0,1026.75,20.0,12.0,1,0,0,0,27357142.85714286
"Imadol, Lalitpur",22500000.0,west,2.5,5.0,4.0,1026.75,20.0,10.0,1,1,0,0,29527777.777777776
"Imadol, Lalitpur",27500000.0,south,2.5,5.0,5.0,1403.225,13.0,10.0,0,0,0,0,29527777.777777776
"Mulpani, Kathmandu",16000000.0,east,2.5,5.0,3.0,752.95,12.0,24.0,0,1,0,1,20250000.0
"Bafal, Kathmandu",47000000.0,west,2.5,6.0,3.0,2395.75,14.0,10.0,1,1,0,1,39055555.55555555
"Imadol, Lalitpur",25000000.0,south,2.5,4.0,4.0,1060.9750000000001,13.0,13.0,1,1,0,0,29527777.777777776
"Imadol, Lalitpur",25000000.0,west,2.5,4.0,3.0,1095.2,13.0,13.0,1,1,0,0,29527777.777777776
"Sanepa, Lalitpur",90000000.0,south,2.5,6.0,4.0,2464.2000000000003,13.0,3.0,1,1,0,0,66750000.0
"Khumaltar, Lalitpur",65000000.0,south-west,4.5,5.0,4.0,3080.25,13.0,3.0,1,1,0,0,44153846.15384615
"Sitapaila, Kathmandu",23000000.0,north,3.5,9.0,3.0,1369.0,12.0,6.0,1,1,0,0,31995000.0
"Lainchaur, Kathmandu",35000000.0,south,2.5,8.0,4.0,2738.0,8.0,9.0,1,1,1,0,35000000.0
"Greenhill City, Kathmandu",27000000.0,west,4.5,8.0,4.0,1369.0,11.0,6.0,1,1,0,1,27000000.0
"Sunakothi, Lalitpur",85000000.0,south,2.5,5.0,7.0,3080.25,20.0,10.0,1,1,1,0,44000000.0
"Hattiban, Lalitpur",70000000.0,north-west,2.5,5.0,4.0,1711.25,20.0,10.0,1,1,0,0,40300000.0
"Hattiban, Lalitpur",35000000.0,north-west,2.5,3.0,4.0,1129.425,22.0,10.0,1,1,1,0,40300000.0
"Kamalpokhari, Kathmandu",180000000.0,north,5.0,12.0,6.0,2498.4249999999997,13.0,3.0,1,1,0,1,180000000.0
"Lolang, Kathmandu",18000000.0,west,2.5,11.0,4.0,1026.75,10.0,22.0,1,1,0,0,18325000.0
"Dhapakhel, Lalitpur",25000000.0,north,2.0,6.0,3.0,1026.75,16.0,10.0,1,1,0,0,32500000.0
"Shantinagar, Kathmandu",45000000.0,south,2.0,9.0,4.0,1026.75,13.0,10.0,1,1,0,0,48750000.0
"Dakshindhoka, Kathmandu",26000000.0,north-east,2.5,3.0,4.0,1026.75,20.0,6.0,1,0,0,0,26000000.0
"Budhanilkantha, Kathmandu",34500000.0,west,2.5,6.0,5.0,1369.0,13.0,9.0,1,1,0,0,51359210.526315786
"Budhanilkantha, Kathmandu",37500000.0,south-west,2.0,6.0,5.0,1711.25,14.0,6.0,1,1,0,0,51359210.526315786
"Mhaipi, Kathmandu",42500000.0,north,2.5,4.0,4.0,1745.475,20.0,10.0,1,1,0,1,42500000.0
"Dadhikot, Bhaktapur",30000000.0,east,2.5,4.0,3.0,1711.25,10.0,7.0,1,1,1,0,29333333.333333332
"Mandikhatar, Kathmandu",65000000.0,north-east,2.5,6.0,3.0,2738.0,13.0,24.0,1,0,1,1,43173333.333333336
"Pasikot, Kathmandu",30000000.0,east,2.5,8.0,4.0,1437.45,14.0,24.0,1,0,0,1,32693333.333333332
"Lolang, Kathmandu",17500000.0,south-east,2.5,11.0,3.0,1026.75,12.0,12.0,1,0,0,1,18325000.0
"Satungal, Kathmandu",29500000.0,north-west,2.5,4.0,4.0,1437.45,13.0,10.0,1,0,0,0,24000000.0
"Dhapakhel, Lalitpur",43000000.0,north,3.0,6.0,4.0,2053.5,13.0,24.0,1,0,0,1,32500000.0
"Imadol, Lalitpur",31000000.0,east,2.5,6.0,5.0,1060.9750000000001,13.0,6.0,1,1,0,1,29527777.777777776
"Imadol, Lalitpur",45000000.0,south,3.0,7.0,7.0,2156.1749999999997,13.0,9.0,1,1,1,0,29527777.777777776
"Imadol, Lalitpur",26500000.0,south,2.5,5.0,4.0,1026.75,13.0,6.0,1,1,0,0,29527777.777777776
"Imadol, Lalitpur",29500000.0,south,2.5,5.0,4.0,1095.2,13.0,10.0,1,1,0,0,29527777.777777776
"Greenland Chowk, Kathmandu",37500000.0,south-east,2.0,5.0,4.0,1711.25,20.0,10.0,0,1,0,0,37500000.0
"Bhaisepati, Lalitpur",150000000.0,east,2.5,5.0,4.0,3422.5,13.0,10.0,1,0,1,0,47632203.38983051
"Italitar, Kathmandu",105000000.0,north-east,2.5,5.0,6.0,3764.75,20.0,7.0,1,1,0,0,105000000.0
"Tikathali, Lalitpur",25500000.0,south,2.5,4.0,4.0,1026.75,13.0,24.0,1,1,0,1,25147058.82352941
"Sanagaun, Lalitpur",22500000.0,south,2.5,5.0,3.0,787.175,20.0,14.0,1,1,0,0,20875000.0
"Balkumari, Lalitpur",105000000.0,north,2.5,6.0,5.0,4107.0,20.0,24.0,1,1,0,1,67125000.0
"Tikathali, Lalitpur",28500000.0,east,2.5,9.0,4.0,1026.75,13.0,10.0,1,1,0,1,25147058.82352941
"Maharajgunj, Kathmandu",125000000.0,east,2.5,4.0,4.0,3422.5,20.0,24.0,1,1,1,0,87200000.0
"Deuwa Chowk, Kathmandu",60000000.0,west,2.5,8.0,5.0,2053.5,13.0,14.0,1,1,0,1,60000000.0
"Kageshwori, Kathmandu",16500000.0,east,2.0,3.0,3.0,752.95,13.0,12.0,0,0,0,1,16500000.0
"Budhanilkantha, Kathmandu",33500000.0,north,3.0,10.0,5.0,1369.0,13.0,24.0,1,1,0,1,51359210.526315786
"SuryadaRs.han Height, Kathmandu",35000000.0,south-east,3.5,6.0,4.0,1711.25,11.0,7.0,1,1,0,1,33750000.0
"Wasik, Kathmandu",27500000.0,west,2.0,9.0,4.0,1711.25,13.0,12.0,1,1,0,1,34250000.0
"Bojepokhari, Lalitpur",22500000.0,north,2.5,7.0,3.0,1026.75,13.0,10.0,1,0,0,0,25500000.0
"Imadol, Lalitpur",25000000.0,east,3.0,7.0,6.0,1026.75,13.0,6.0,1,1,0,0,29527777.777777776
"Sanagaun, Lalitpur",28000000.0,east,3.0,6.0,6.0,1813.925,15.0,9.0,1,1,0,0,20875000.0
"Imadol, Lalitpur",26000000.0,south,3.0,5.0,3.0,752.95,13.0,6.0,1,1,0,0,29527777.777777776
"Imadol, Lalitpur",28000000.0,west,3.0,4.0,4.0,1026.75,13.0,10.0,1,1,0,0,29527777.777777776
"Imadol, Lalitpur",27000000.0,west,2.5,5.0,4.0,1095.2,13.0,10.0,1,1,0,0,29527777.777777776
"Old Baneshwor, Kathmandu",29000000.0,south,4.5,22.0,8.0,1095.2,6.0,10.0,0,1,0,1,28500000.0
"Imadol, Lalitpur",32500000.0,north-west,3.0,5.0,5.0,1129.425,16.0,7.0,1,1,0,1,29527777.777777776
"Harisiddhi, Lalitpur",27000000.0,south,2.5,3.0,4.0,1026.75,20.0,14.0,1,1,0,0,27357142.85714286
"Deuwa chowk, Kathmandu",65000000.0,south,2.5,4.0,5.0,2395.75,14.0,17.0,1,1,0,0,48200000.0
"Imadol, Lalitpur",27500000.0,south-west,3.5,7.0,4.0,1026.75,13.0,6.0,1,1,0,0,29527777.777777776
"Thamel, Kathmandu",23000000.0,east,3.0,5.0,4.0,787.175,10.0,6.0,1,1,0,1,39000000.0
"Budhanilkantha, Kathmandu",57500000.0,south-east,2.5,4.0,4.0,1779.7,13.0,6.0,1,1,0,0,51359210.526315786
"Sitapaila, Kathmandu",50000000.0,west,2.5,4.0,4.0,1369.0,13.0,14.0,1,1,1,0,31995000.0
"Mid Baneshwor, Kathmandu",17500000.0,south,2.5,5.0,5.0,1026.75,14.0,3.0,1,1,1,0,73833333.33333333
"Hepali Height, Kathmandu",46500000.0,west,3.0,6.0,6.0,1471.675,13.0,7.0,1,1,1,0,41700000.0
"Sanepa, Lalitpur",35000000.0,south-east,3.0,3.0,2.0,855.625,13.0,3.0,1,1,0,0,66750000.0
"Old Baneshwor, Kathmandu",28000000.0,east,6.0,22.0,8.0,1095.2,6.0,22.0,0,1,0,1,28500000.0
"Omsatiya, Rupandehi",22000000.0,east,2.5,4.0,4.0,1369.0,23.0,3.0,1,1,1,1,22000000.0
"Baluwatar, Kathmandu",76000000.0,south,3.5,8.0,10.0,2053.5,10.0,6.0,1,1,1,0,54750000.0
"Manamaiju, Kathmandu",73500000.0,south-east,3.5,4.0,3.0,3114.475,13.0,12.0,1,1,1,0,49375000.0
"Sainbu, Lalitpur",35000000.0,south-east,3.0,7.0,4.0,1369.0,18.0,7.0,1,1,0,0,50000000.0
"Thali, Kathmandu",16000000.0,east,2.5,5.0,3.0,752.95,12.0,22.0,1,1,0,1,16000000.0
"Balkot, Bhaktapur",28000000.0,west,3.0,5.0,5.0,1129.425,13.0,10.0,1,1,0,0,37750000.0
"Budhanilkantha, Kathmandu",40000000.0,west,3.0,10.0,4.0,1369.0,16.0,6.0,1,1,0,0,51359210.526315786
"Pasikot, Kathmandu",22500000.0,south,2.5,4.0,3.0,1095.2,20.0,12.0,1,1,0,1,32693333.333333332
"Bhaisepati, Lalitpur",29000000.0,south,2.5,4.0,3.0,1369.0,15.0,6.0,0,1,0,1,47632203.38983051
"Jyotinagar, Kathmandu",26500000.0,south,2.0,4.0,2.0,1026.75,20.0,7.0,1,1,0,0,30460000.0
"Bagdurbar, Kathmandu",30000000.0,south,4.5,6.0,6.0,1369.0,13.0,22.0,0,1,0,1,30000000.0
"Pepsicola, Kathmandu",55500000.0,south,3.5,6.0,6.0,2121.9500000000003,20.0,4.0,1,0,0,1,31833333.333333332
"Dillibazar, Kathmandu",140000000.0,south,4.5,28.0,7.0,4791.5,15.0,24.0,1,1,0,0,140000000.0
"Bijulibajar, Kathmandu",85000000.0,south-east,4.0,8.0,6.0,2053.5,12.0,12.0,1,1,0,1,85000000.0
"Sundarbasti, Kathmandu",33800000.0,east,2.5,4.0,3.0,1095.2,13.0,13.0,0,0,0,1,34144444.44444445
"Pepsicola, Kathmandu",29000000.0,north,2.5,5.0,5.0,1711.25,13.0,7.0,1,0,0,0,31833333.333333332
"Harisiddhi, Lalitpur",26000000.0,east,2.5,5.0,3.0,1095.2,13.0,7.0,1,0,0,0,27357142.85714286
"Ghattekulo, Kathmandu",32500000.0,east,3.5,6.0,3.0,1095.2,18.0,22.0,0,0,0,1,41000000.0
"Bhangal , Kathmandu",45000000.0,south-west,3.0,7.0,6.0,1745.475,13.0,16.0,1,0,0,1,27633333.333333332
"Nakhudole, Lalitpur",15500000.0,south,2.0,4.0,2.0,1437.45,4.0,10.0,1,0,0,1,24000000.0
"Baluwakhani, Kathmandu",27500000.0,west,2.5,6.0,4.0,1095.2,10.0,14.0,1,1,0,0,29250000.0
"Lele, Lalitpur",73000000.0,south-east,2.5,4.0,3.0,2190.4,20.0,14.0,1,1,1,1,73000000.0
"Syuchatar, Kathmandu",25000000.0,east,2.5,4.0,3.0,1711.25,16.0,17.0,0,1,0,1,26500000.0
"Kapan, Kathmandu",32000000.0,south-east,2.5,5.0,4.0,1369.0,13.0,4.0,1,0,0,0,27269230.769230768
"Khusibu Town Planning, Kathmandu",39000000.0,west,2.5,4.0,3.0,1369.0,26.0,17.0,0,0,0,1,39000000.0
"Imadol, Lalitpur",60000000.0,east,2.5,6.0,4.0,3080.25,13.0,17.0,1,1,1,0,29527777.777777776
"Nakhipot, Lalitpur",46000000.0,south-east,2.5,6.0,5.0,2395.75,13.0,7.0,1,1,0,0,34208333.333333336
"Sitapaila, Kathmandu",49500000.0,south-east,3.5,8.0,7.0,2806.45,12.0,14.0,1,1,0,0,31995000.0
"Imadol, Lalitpur",21500000.0,east,3.0,3.0,3.0,787.175,13.0,3.0,1,1,0,1,29527777.777777776
"Baluwakhani, Kathmandu",21500000.0,south-east,3.0,4.0,3.0,1026.75,12.0,17.0,1,1,0,1,29250000.0
"Mahadevtar, Kathmandu",60000000.0,south-west,3.5,5.0,4.0,3490.95,13.0,6.0,1,1,1,0,53250000.0
"Sampang Chowk, Lalitpur",38000000.0,north-east,2.5,7.0,4.0,1437.45,13.0,6.0,1,0,0,1,30500000.0
"Balambu, Kathmandu",27500000.0,south-east,2.5,5.0,4.0,1369.0,13.0,6.0,0,1,0,1,27500000.0
"Bhaisepati, Lalitpur",42500000.0,south,3.0,7.0,3.0,1711.25,20.0,6.0,1,1,0,1,47632203.38983051
"Makalbari, Kathmandu",27500000.0,south-east,3.0,8.0,3.0,1129.425,12.0,22.0,1,1,0,0,28750000.0
"Thaiba, Lalitpur",50000000.0,south,2.5,3.0,3.0,2053.5,20.0,4.0,1,1,1,1,39166666.666666664
"Icimod, Lalitpur",39000000.0,west,2.5,6.0,4.0,1471.675,13.0,7.0,1,1,0,0,34750000.0
"Imadol, Lalitpur",42500000.0,south,2.5,3.0,3.0,1369.0,14.0,6.0,1,1,0,0,29527777.777777776
"Tahachal, Kathmandu",56500000.0,north,2.5,4.0,5.0,1403.225,20.0,17.0,1,1,0,0,104333333.33333333
"Lasuntar, Kathmandu",31000000.0,east,2.5,4.0,3.0,1403.225,13.0,6.0,1,0,0,1,28000000.0
"Imadol, Lalitpur",45000000.0,south,2.5,4.0,3.0,2395.75,16.0,9.0,1,1,0,1,29527777.777777776
"Imadol, Lalitpur",42500000.0,south,2.5,3.0,3.0,1369.0,14.0,6.0,1,0,0,1,29527777.777777776
"Lubhu, Lalitpur",22000000.0,south,2.5,5.0,4.0,1026.75,13.0,6.0,1,0,0,0,22600000.0
"Imadol, Lalitpur",45000000.0,east,2.5,4.0,3.0,1437.45,13.0,14.0,1,1,0,0,29527777.777777776
"Thecho, Lalitpur",85000000.0,south,2.5,6.0,5.0,3182.925,12.0,7.0,1,1,0,0,45833333.333333336
"Nakhipot, Lalitpur",20000000.0,east,2.5,4.0,3.0,855.625,13.0,6.0,1,1,0,0,34208333.333333336
"Naxal, Kathmandu",55000000.0,west,2.5,3.0,3.0,1369.0,13.0,22.0,1,1,0,1,46500000.0
"Dhaksi, Kathmandu",36000000.0,east,2.5,7.0,7.0,4107.0,20.0,7.0,1,0,0,1,36000000.0
"Bafal, Kathmandu",37000000.0,north-east,2.5,4.0,3.0,1095.2,14.0,6.0,1,1,0,1,39055555.55555555
"Banasthali, Kathmandu",34000000.0,east,3.0,6.0,4.0,1369.0,13.0,14.0,1,1,1,0,43800000.0
"Budhanilkantha, Kathmandu",57500000.0,south,2.5,4.0,3.0,3080.25,12.0,7.0,1,1,1,0,51359210.526315786
"Chundevi, Kathmandu",67500000.0,north,2.5,5.0,5.0,2053.5,15.0,6.0,1,1,0,0,67500000.0
"Chabahil, Kathmandu",120000000.0,north,1.5,3.0,2.0,4107.0,16.0,22.0,1,1,1,1,120000000.0
"Thankot, Kathmandu",22000000.0,west,2.5,6.0,3.0,1711.25,10.0,4.0,1,1,1,0,17794117.647058822
"Sampang Chowk, Lalitpur",23000000.0,south,2.5,5.0,5.0,787.175,13.0,6.0,1,1,1,1,30500000.0
"Danchhi, Kathmandu",15000000.0,south,1.0,2.0,1.0,1060.9750000000001,10.0,22.0,1,0,0,1,15000000.0
"New Baneshwor, Kathmandu",16800000.0,east,3.5,3.0,3.0,376.475,20.0,33.0,0,0,0,0,16800000.0
"Mahadevsthan, Kathmandu",22000000.0,south,2.5,6.0,3.0,1711.25,10.0,8.0,1,1,1,0,22000000.0
"Pasikot, Kathmandu",31000000.0,east,2.5,5.0,3.0,1300.55,13.0,7.0,1,0,0,1,32693333.333333332
"Pasikot, Kathmandu",29900000.000000004,south-east,2.5,5.0,5.0,1369.0,13.0,6.0,1,1,0,1,32693333.333333332
"Gothatar, Kathmandu",21000000.0,south,2.5,5.0,3.0,1026.75,10.0,4.0,1,0,0,1,24375000.0
"Dharmasthali, Kathmandu",13000000.0,north-east,1.0,2.0,1.0,1437.45,13.0,6.0,0,0,0,1,15666666.666666666
"Dulal Gaun, Kathmandu",18500000.0,north,1.0,2.0,1.0,1779.7,16.0,33.0,1,0,0,1,18500000.0
"Narayanthan , Kathmandu",17000000.0,south,1.0,2.0,1.0,1369.0,20.0,33.0,1,0,0,1,52071428.571428575
"Kalanki, Kathmandu",60000000.0,west,5.0,1.0,1.0,1026.75,13.0,12.0,0,1,0,1,34900000.0
"Imadol, Lalitpur",19500000.0,south,2.5,5.0,4.0,1369.0,13.0,6.0,1,0,1,0,29527777.777777776
"Sainbu, Lalitpur",85000000.0,north-east,2.5,5.0,4.0,2498.4249999999997,17.0,6.0,1,0,1,0,50000000.0
"Saraswotinagar, Kathmandu",23000000.0,west,2.0,3.0,2.0,1026.75,27.0,6.0,1,0,0,0,31500000.0
"Mid Baneshwor, Kathmandu",104000000.0,north-west,2.5,5.0,3.0,5476.0,13.0,22.0,1,0,0,0,73833333.33333333
"Thecho, Lalitpur",32500000.0,north,2.5,5.0,5.0,1369.0,13.0,6.0,1,0,0,0,45833333.333333336
"Thecho, Lalitpur",26000000.0,south,2.5,4.0,3.0,1369.0,10.0,9.0,1,0,0,0,45833333.333333336
 Lalitpur,19000000.0,south,2.5,4.0,3.0,787.175,13.0,4.0,1,1,0,0,19000000.0
"Tandi, Chitwan",25000000.0,east,2.0,5.0,4.0,1369.0,13.0,33.0,1,0,1,0,25000000.0
"Rampur, Chitwan",13000000.0,east,2.0,5.0,4.0,1369.0,13.0,32.0,1,0,0,0,13000000.0
"Baluwatar, Kathmandu",68000000.0,east,2.5,6.0,3.0,2806.45,14.0,32.0,1,0,0,0,54750000.0
"Dhapasi, Kathmandu",15500000.0,south,1.0,4.0,2.0,752.95,15.0,5.0,1,0,0,0,38452173.91304348
"Tikathali, Lalitpur",22000000.0,south-east,2.5,6.0,5.0,1026.75,13.0,4.0,1,0,0,1,25147058.82352941
"Budhanilkantha, Kathmandu",34500000.0,east,2.5,6.0,3.0,1095.2,13.0,22.0,1,0,0,0,51359210.526315786
"Chhauni, Kathmandu",37000000.0,west,2.0,4.0,5.0,2053.5,12.0,17.0,1,0,0,0,34000000.0
"Dhapakhel, Lalitpur",38000000.0,south,3.5,6.0,4.0,1369.0,20.0,4.0,1,0,0,0,32500000.0
"Kapan, Kathmandu",31000000.0,south-east,2.0,6.0,6.0,1471.675,13.0,32.0,1,0,0,0,27269230.769230768
"Nakhipot, Lalitpur",33000000.0,south,2.5,6.0,4.0,1095.2,20.0,14.0,1,0,0,0,34208333.333333336
"Hattiban, Lalitpur",55000000.0,south,3.0,5.0,5.0,2395.75,20.0,5.0,1,0,0,0,40300000.0
"Basundhara, Kathmandu",38000000.0,south-east,3.5,5.0,4.0,1026.75,10.0,7.0,1,0,0,0,50125000.0
"Sukedhara, Kathmandu",38500000.0,south,2.5,4.0,4.0,1369.0,13.0,7.0,1,0,0,0,33192307.692307692
"Kapan, Kathmandu",25000000.0,west,2.5,6.0,4.0,1026.75,13.0,7.0,1,0,0,0,27269230.769230768
"Budhanilkantha, Kathmandu",34500000.0,west,2.5,6.0,5.0,1369.0,13.0,4.0,1,0,0,0,51359210.526315786
"Matatirtha, Kathmandu",12000000.0,north-east,1.5,2.0,2.0,1026.75,12.0,4.0,1,0,0,0,23000000.0
"Grande Hospital, Kathmandu",19000000.0,north,1.0,3.0,1.0,1095.2,10.0,8.0,1,0,1,0,28160000.0
"Ekatabasti, Kathmandu",31000000.0,east,2.5,6.0,4.0,1026.75,13.0,5.0,1,0,0,0,24666666.666666668
"Sitapaila, Kathmandu",23500000.0,south-east,2.5,3.0,3.0,752.95,13.0,7.0,1,0,0,1,31995000.0
"Pokhara, Kaski",20000000.0,south-east,2.0,3.0,2.0,787.175,13.0,4.0,1,0,0,0,59166666.666666664
"Birendra Chowk, Kathmandu",30500000.0,south,2.5,5.0,4.0,1437.45,13.0,2.0,1,0,0,0,30500000.0
"Kaushaltar, Bhaktapur",30000000.0,south,2.5,4.0,4.0,1026.75,12.0,4.0,1,0,0,0,30000000.0
"Imadol, Lalitpur",28000000.0,south,2.5,5.0,3.0,1095.2,15.0,4.0,1,0,0,0,29527777.777777776
"Nakkhu, Lalitpur",36000000.0,south-west,2.5,4.0,5.0,1403.225,13.0,5.0,0,0,1,1,33960000.0
"Lakeside, Kaski",85000000.0,south,4.0,10.0,8.0,2806.45,15.0,7.0,0,0,0,0,85000000.0
"Pasikot, Kathmandu",28500000.0,south-east,2.5,4.0,3.0,1095.2,13.0,8.0,1,0,0,0,32693333.333333332
"Imadol, Lalitpur",25000000.0,south,2.5,2.0,3.0,1060.9750000000001,14.0,7.0,1,0,0,0,29527777.777777776
"Pokhara, Kaski",37500000.0,west,2.5,7.0,5.0,1711.25,15.0,4.0,1,0,0,1,59166666.666666664
"Gajuri, Dhading",17800000.0,north,2.0,5.0,2.0,1026.75,32.0,5.0,1,0,0,0,17800000.0
"Shankhamul, Kathmandu",45000000.0,south-west,4.5,5.0,4.0,1437.45,13.0,8.0,0,0,0,0,52125000.0
"Bansbari, Kathmandu",10000000.0,north,1.0,3.0,1.0,1711.25,13.0,3.0,0,0,1,0,55545454.54545455
"Hattiban, Lalitpur",20000000.0,south-east,2.0,4.0,2.0,1026.75,14.0,3.0,1,0,0,0,40300000.0
"Imadol, Lalitpur",24000000.0,east,2.5,4.0,3.0,1095.2,13.0,2.0,1,0,0,0,29527777.777777776
"New Buspark, Kathmandu",83000000.0,north,4.5,34.0,34.0,2395.75,20.0,12.0,1,0,0,0,61500000.0
"Bhangal , Kathmandu",40000000.0,east,2.5,5.0,4.0,1711.25,20.0,7.0,1,0,0,0,27633333.333333332
"Dharmasthali, Kathmandu",13000000.0,west,1.0,3.0,1.0,1095.2,13.0,6.0,1,0,0,0,15666666.666666666
"Gongabu, Kathmandu",35000000.0,south,3.5,5.0,3.0,1369.0,12.0,6.0,1,0,0,0,38428571.428571425
"Hattiban, Lalitpur",55000000.0,north,2.5,5.0,4.0,2087.725,20.0,5.0,1,0,0,0,40300000.0
"Imadol, Lalitpur",27500000.0,east,2.5,5.0,3.0,1060.9750000000001,20.0,6.0,1,0,0,0,29527777.777777776
"Bhaisepati, Lalitpur",59000000.0,west,2.5,4.0,4.0,1711.25,15.0,12.0,1,0,0,0,47632203.38983051
"Budhanilkantha, Kathmandu",36500000.0,east,2.5,6.0,3.0,1369.0,13.0,2.0,1,0,0,0,51359210.526315786
"Nayabazar, Kathmandu",27500000.0,east,3.0,8.0,3.0,1026.75,15.0,6.0,1,0,0,0,27500000.0
"Hattigaunda, Kathmandu",30000000.0,south-east,3.0,4.0,3.0,1369.0,13.0,2.0,0,0,0,0,42730769.23076923
"Kapan, Kathmandu",16500000.0,east,1.0,2.0,1.0,1026.75,12.0,9.0,1,0,0,0,27269230.769230768
"Pasikot, Kathmandu",23000000.0,west,2.5,5.0,3.0,1026.75,18.0,9.0,1,0,0,0,32693333.333333332
"Chunikhel, Kathmandu",16000000.0,east,2.5,4.0,4.0,1026.75,12.0,9.0,1,0,0,0,20000000.0
"Khusibu, Kathmandu",34000000.0,east,2.5,5.0,3.0,1060.9750000000001,15.0,9.0,1,0,1,1,60000000.0
"Khumaltar, Lalitpur",42500000.0,east,2.5,6.0,4.0,1437.45,20.0,9.0,0,0,0,0,44153846.15384615
"Imadol, Lalitpur",37500000.0,north,2.5,5.0,5.0,1369.0,13.0,6.0,1,0,0,0,29527777.777777776
"Koteshwor, Kathmandu",47000000.0,east,3.5,7.0,4.0,1437.45,25.0,3.0,0,0,0,0,41125000.0
"Dhapasi, Kathmandu",39900000.0,south,2.5,6.0,4.0,1369.0,15.0,12.0,1,0,0,0,38452173.91304348
"Makalbari, Kathmandu",37000000.0,north,2.5,5.0,3.0,2087.725,12.0,17.0,1,0,0,0,28750000.0
"Duwakot, Bhaktapur",32500000.0,south-west,3.0,5.0,4.0,1711.25,16.5,8.0,1,0,0,0,32500000.0
"Narayantar, Kathmandu",37500000.0,south-west,2.5,7.0,4.0,1095.2,16.0,6.0,0,0,1,0,33333333.333333332
"Imadol, Lalitpur",25000000.0,east,2.5,4.0,4.0,1026.75,20.0,12.0,1,0,0,0,29527777.777777776
"Imadol, Lalitpur",33000000.0,south-west,2.5,6.0,4.0,1095.2,20.5,12.0,1,0,0,0,29527777.777777776
"Bhangal , Kathmandu",27500000.0,west,2.5,4.0,4.0,1369.0,12.0,12.0,1,0,0,0,27633333.333333332
"Kharibot, Kathmandu",42500000.0,east,3.0,7.0,6.0,1711.25,16.0,10.0,0,0,0,0,31575000.0
"Dharmasthali, Kathmandu",21000000.0,north,2.0,4.0,2.0,1369.0,20.0,10.0,1,0,0,0,15666666.666666666
"Imadol, Lalitpur",42500000.0,south,2.5,5.0,4.0,1129.425,20.0,18.0,1,0,0,0,29527777.777777776
"Setipakha, Lalitpur",26500000.0,north-east,2.5,4.0,4.0,1060.9750000000001,13.0,18.0,1,0,0,0,25642857.14285714
"Bhaisepati, Lalitpur",70000000.0,west,3.5,4.0,5.0,2053.5,13.0,12.0,1,0,0,0,47632203.38983051
"Itahari, Sunsari",39000000.0,south,3.0,12.0,4.0,1369.0,32.0,13.0,0,0,0,0,39000000.0
"Ganesh Chowk, Kathmandu",41700000.0,west,2.5,4.0,5.0,1369.0,13.0,3.0,0,0,0,1,42962500.0
"Nakhipot, Lalitpur",39000000.0,east,2.5,6.0,5.0,1369.0,12.5,27.0,1,0,0,0,34208333.333333336
"Setipakha, Lalitpur",26500000.0,west,3.0,8.0,8.0,1369.0,13.0,12.0,0,0,1,1,25642857.14285714
"Imadol, Lalitpur",32500000.0,west,2.5,6.0,4.0,1369.0,15.0,13.0,1,0,0,0,29527777.777777776
"Imadol, Lalitpur",26500000.0,south,2.5,4.0,4.0,1060.9750000000001,20.0,21.0,1,0,0,0,29527777.777777776
"Tikathali, Lalitpur",16000000.0,north-east,1.0,2.0,1.0,1060.9750000000001,13.0,11.0,1,0,0,0,25147058.82352941
"Chapali, Kathmandu",27000000.0,east,3.5,6.0,4.0,787.175,13.0,3.0,1,0,0,1,33000000.0
"Mandikhatar, Kathmandu",39800000.0,east,2.5,7.0,5.0,1403.225,13.0,12.0,1,0,0,0,43173333.333333336
"Budhanilkantha, Kathmandu",43500000.0,west,2.5,5.0,5.0,1711.25,13.0,10.0,1,0,0,0,51359210.526315786
"Syuchatar, Kathmandu",23000000.0,north-west,3.0,4.0,2.0,1026.75,10.0,10.0,1,0,0,0,26500000.0
"Kapan, Kathmandu",35000000.0,north-west,2.5,12.0,4.0,2053.5,11.0,13.0,1,0,0,0,27269230.769230768
"Tikathali, Lalitpur",42500000.0,north,3.0,8.0,5.0,1437.45,13.0,3.0,1,0,0,0,25147058.82352941
"Imadol, Lalitpur",34500000.0,north,2.5,5.0,4.0,1403.225,13.0,3.0,1,0,0,0,29527777.777777776
"Imadol, Lalitpur",26500000.0,north,3.5,5.0,5.0,1026.75,13.0,6.0,1,0,0,0,29527777.777777776
"Nakhipot, Lalitpur",27000000.0,south,2.5,4.0,4.0,1095.2,15.0,10.0,1,0,0,0,34208333.333333336
"New Buspark, Kathmandu",40000000.0,west,2.5,6.0,4.0,2053.5,4.0,9.0,0,0,0,0,61500000.0
"Dhumbarahi, Kathmandu",55000000.0,north-west,3.5,8.0,7.0,1779.7,13.0,9.0,1,0,0,0,58000000.0
"Bansbari, Kathmandu",51000000.0,south,2.5,5.0,5.0,1437.45,12.0,12.0,1,0,0,0,55545454.54545455
"Bansbari, Kathmandu",52000000.0,south,2.5,4.0,5.0,1471.675,12.0,6.0,1,0,0,0,55545454.54545455
"Imadol, Lalitpur",31000000.0,east,3.5,5.0,3.0,1095.2,13.0,17.0,1,0,0,0,29527777.777777776
"Imadol, Lalitpur",25500000.0,north,2.5,6.0,3.0,1026.75,13.0,16.0,1,0,0,0,29527777.777777776
"Budhanilkantha, Kathmandu",28000000.0,north,2.5,6.0,3.0,1026.75,13.0,6.0,1,0,0,0,51359210.526315786
"Budhanilkantha, Kathmandu",28800000.0,east,2.5,5.0,4.0,1095.2,10.0,3.0,1,0,0,0,51359210.526315786
"Mandikhatar, Kathmandu",43500000.0,north-west,3.5,4.0,5.0,2121.9500000000003,13.0,24.0,1,0,1,1,43173333.333333336
"Dhapakhel, Lalitpur",27500000.0,north-east,2.5,5.0,4.0,3080.25,4.0,10.0,1,0,1,0,32500000.0
"Imadol, Lalitpur",27500000.0,west,3.5,5.0,3.0,1026.75,20.0,9.0,1,0,0,0,29527777.777777776
"Chandragiri, Kathmandu",16000000.0,south-east,2.0,2.0,2.0,1369.0,10.0,9.0,1,0,0,0,20920000.0
"Ochu Height, Lalitpur",37500000.0,west,2.5,6.0,5.0,1369.0,16.0,10.0,1,0,0,0,27000000.0
"Nakkhu, Lalitpur",39900000.0,east,2.0,4.0,4.0,1711.25,13.0,13.0,1,0,1,0,33960000.0
"Kwalakhu, Lalitpur",30000000.0,south,5.0,5.0,4.0,102.675,20.0,9.0,1,0,0,0,30000000.0
"Sitapaila, Kathmandu",38000000.0,east,2.5,4.0,4.0,1745.475,13.0,6.0,1,0,0,0,31995000.0
"Balkumari, Lalitpur",66000000.0,north-east,4.5,3.0,6.0,1540.125,16.0,18.0,1,0,0,0,67125000.0
"Nepaltar, Kathmandu",21900000.0,east,3.5,7.0,4.0,1026.75,11.0,22.0,1,0,0,0,21450000.0
"Nakhipot, Lalitpur",27000000.0,south-west,2.5,5.0,4.0,1197.875,20.0,22.0,1,0,0,0,34208333.333333336
"Imadol, Lalitpur",35000000.0,west,2.5,4.0,4.0,1369.0,13.0,6.0,1,0,0,0,29527777.777777776
"Kadaghari, Kathmandu",65000000.0,north,4.0,6.0,4.0,1779.7,15.0,8.0,0,0,0,0,38333333.333333336
"Imadol, Lalitpur",27500000.0,west,3.0,5.0,3.0,1026.75,13.0,7.0,1,0,0,0,29527777.777777776
"Imadol, Lalitpur",22000000.0,north,3.0,4.0,3.0,787.175,10.0,11.0,1,0,0,1,29527777.777777776
"Pasikot, Kathmandu",28000000.0,north-east,1.0,2.0,2.0,1779.7,13.0,6.0,1,0,0,0,32693333.333333332
"Imadol, Lalitpur",32500000.0,south,2.5,5.0,4.0,1129.425,13.0,8.0,1,0,0,0,29527777.777777776
"Imadol, Lalitpur",37500000.0,east,2.5,4.0,4.0,1369.0,16.0,8.0,1,0,0,0,29527777.777777776
"Dhumbarahi, Kathmandu",38000000.0,east,2.5,3.0,3.0,1369.0,10.0,28.0,1,0,0,0,58000000.0
"Kapan, Kathmandu",29500000.0,west,2.4,6.0,5.0,1369.0,13.0,8.0,1,0,1,0,27269230.769230768
"Lolang, Kathmandu",24000000.0,west,3.5,5.0,3.0,1095.2,26.0,8.0,1,0,0,0,18325000.0
"Imadol, Lalitpur",42500000.0,south-east,2.5,4.0,4.0,1369.0,20.0,6.0,0,0,0,0,29527777.777777776
"Ratopool, Kathmandu",138000000.0,west,4.0,5.0,4.0,5476.0,10.0,30.0,1,0,0,0,138000000.0
"Bhaisepati, Lalitpur",85000000.0,south,2.5,5.0,7.0,1711.25,14.0,8.0,1,0,0,0,47632203.38983051
"Hattigaunda, Kathmandu",34500000.0,north-east,2.0,7.0,4.0,2087.725,14.0,15.0,1,0,0,0,42730769.23076923
"Panipokhari, Kathmandu",65000000.0,north-east,3.5,7.0,4.0,1095.2,18.0,17.0,0,0,0,0,65000000.0
"Gokarna, Kathmandu",30000000.0,west,3.5,6.0,3.0,1369.0,32.0,7.0,1,0,0,0,21500000.0
"Pasikot, Kathmandu",34000000.0,east,2.5,5.0,4.0,1369.0,13.0,5.0,1,0,0,0,32693333.333333332
"Budhanilkantha, Kathmandu",34000000.0,north,2.5,6.0,3.0,1369.0,13.0,5.0,1,0,0,0,51359210.526315786
"Budhanilkantha, Kathmandu",34500000.0,south,2.5,6.0,3.0,1369.0,13.0,13.0,1,0,0,0,51359210.526315786
"Sunakothi, Lalitpur",37500000.0,north-east,2.5,3.0,4.0,1711.25,20.0,9.0,0,0,0,0,44000000.0
"Hattigaunda, Kathmandu",77000000.0,west,2.5,4.0,5.0,2121.9500000000003,20.0,17.0,0,0,1,1,42730769.23076923
"Gwarko, Lalitpur",15500000.0,south,1.0,2.0,1.0,787.175,13.0,7.0,1,0,0,0,26142857.14285714
"Chhetrapati, Kathmandu",125000000.0,north,5.0,10.0,4.0,3422.5,15.0,17.0,0,0,0,0,125000000.0
"Grande Hospital, Kathmandu",30000000.0,north-west,3.0,12.0,5.0,1095.2,13.0,6.0,1,0,0,0,28160000.0
"Harisiddhi, Lalitpur",35000000.0,north,2.5,7.0,4.0,2053.5,16.5,8.0,1,0,1,0,27357142.85714286
"Khumaltar, Lalitpur",55000000.0,south,3.0,3.0,4.0,1711.25,13.0,13.0,1,0,0,0,44153846.15384615
"Maharajgunj, Kathmandu",75000000.0,east,4.0,8.0,8.0,1437.45,17.0,6.0,1,0,0,0,87200000.0
"Shankhamul, Kathmandu",68000000.0,north-east,3.5,7.0,3.0,2121.9500000000003,23.0,6.0,1,0,0,0,52125000.0
"Gaurighat, Kathmandu",23000000.0,west,2.5,4.0,4.0,1026.75,13.0,6.0,1,0,0,0,41500000.0
"Narayantar, Kathmandu",35000000.0,east,3.5,12.0,6.0,1437.45,12.0,22.0,1,0,0,1,33333333.333333332
"Lubhu, Lalitpur",17000000.0,north-east,2.5,5.0,2.0,752.95,13.0,6.0,1,0,0,0,22600000.0
"Chyau Danda, Lalitpur",24000000.0,south,2.5,4.0,3.0,1026.75,20.0,14.0,1,0,0,0,24000000.0
"Bansbari, Kathmandu",65000000.0,north,2.5,3.0,3.0,2087.725,15.0,6.0,1,0,0,0,55545454.54545455
"Thecho, Lalitpur",19000000.0,north,2.5,4.0,4.0,1369.0,16.0,8.0,1,0,0,0,45833333.333333336
"Mandikhatar, Kathmandu",65000000.0,north-east,2.5,5.0,5.0,2738.0,13.0,6.0,1,0,0,0,43173333.333333336
"Icimod, Lalitpur",30500000.0,west,2.5,5.0,4.0,1369.0,13.0,6.0,1,0,0,0,34750000.0
"Gairidhara, Kathmandu",51000000.0,north,2.5,4.0,4.0,1711.25,12.0,7.0,1,0,0,0,51000000.0
"Lazimpat, Kathmandu",56000000.0,east,2.5,5.0,4.0,2053.5,11.0,20.0,1,0,0,0,56000000.0
"Imadol, Lalitpur",26500000.0,south,3.0,6.0,5.0,1197.875,13.0,12.0,1,0,1,0,29527777.777777776
"Godamchaur, Lalitpur",29000000.0,south,2.5,14.0,6.0,4107.0,13.0,12.0,1,0,1,0,29000000.0
"Bafal, Kathmandu",37000000.0,north-east,2.5,4.0,3.0,1095.2,13.0,5.0,1,0,0,0,39055555.55555555
"Sundarbasti, Kathmandu",39500000.0,north,2.5,6.0,5.0,1711.25,20.0,20.0,1,0,0,0,34144444.44444445
"Kapan, Kathmandu",32500000.0,south-east,3.0,6.0,3.0,1813.925,13.0,19.0,1,0,1,1,27269230.769230768
"Imadol, Lalitpur",27500000.0,south-east,3.0,5.0,3.0,1026.75,13.0,8.0,1,0,0,0,29527777.777777776
"Bhaisepati, Lalitpur",67500000.0,north,2.5,8.0,8.0,1369.0,13.5,6.0,1,0,0,0,47632203.38983051
"Budhanilkantha, Kathmandu",65000000.0,north,2.0,4.0,4.0,3251.375,12.5,13.0,1,0,0,0,51359210.526315786
"Imadol, Lalitpur",26000000.0,north,2.5,5.0,4.0,1060.9750000000001,13.0,18.0,1,0,0,0,29527777.777777776
"Tyanglafat, Kathmandu",24500000.0,north-east,2.5,7.0,4.0,1026.75,10.0,17.0,1,0,0,0,24500000.0
"Chandragiri, Kathmandu",13100000.0,south,2.0,6.0,3.0,1026.75,12.0,26.0,1,0,0,0,20920000.0
"Imadol, Lalitpur",42500000.0,south,2.5,6.0,4.0,1369.0,13.0,9.0,0,0,0,0,29527777.777777776
"Budhanilkantha, Kathmandu",40000000.0,south-east,2.5,6.0,6.0,1711.25,15.0,22.0,1,0,0,0,51359210.526315786
"Thulobharyang, Kathmandu",30000000.0,west,2.5,4.0,3.0,1026.75,13.0,8.0,1,0,0,0,23333333.333333332
"Bhaisepati, Lalitpur",55000000.0,south,2.0,3.0,4.0,1437.45,13.5,12.0,1,0,0,0,47632203.38983051
"Imadol, Lalitpur",21000000.0,west,2.5,6.0,2.0,787.175,13.0,22.0,1,0,0,0,29527777.777777776
"Budhanilkantha, Kathmandu",25000000.0,west,2.5,6.0,4.0,684.5,12.0,6.0,1,0,0,0,51359210.526315786
"Gairi Gaun, Kathmandu",25000000.0,north,3.0,6.0,4.0,1060.9750000000001,10.0,12.0,1,0,0,0,25000000.0
"Imadol, Lalitpur",36000000.0,north-east,2.5,4.0,3.0,2395.75,12.5,6.0,1,0,0,0,29527777.777777776
"Bhaisepati, Lalitpur",35000000.0,north,2.5,5.0,4.0,1129.425,22.0,20.0,1,0,0,0,47632203.38983051
"Budhanilkantha, Kathmandu",45000000.0,north-west,2.5,5.0,6.0,1711.25,15.0,17.0,1,0,0,0,51359210.526315786
"Rudreshwor, Kathmandu",50000000.0,south,2.5,4.0,5.0,1745.475,13.0,5.0,0,0,0,0,67583333.33333333
"Bhaisepati, Lalitpur",31000000.0,south-west,2.5,4.0,5.0,1437.45,15.0,7.0,1,0,0,0,47632203.38983051
"Nakkhu, Lalitpur",39000000.0,east,2.5,4.0,4.0,1711.25,13.0,6.0,1,0,0,0,33960000.0
"Imadol, Lalitpur",26000000.0,north,2.0,4.0,5.0,1060.9750000000001,13.0,13.0,1,0,0,0,29527777.777777776
"Sitapaila, Kathmandu",37500000.0,south,2.5,4.0,3.0,2395.75,13.0,6.0,1,0,0,0,31995000.0
"Naya Basti, Kathmandu",23500000.0,south,2.0,4.0,2.0,1711.25,11.0,12.0,1,0,0,0,23000000.0
"Kusunti, Lalitpur",115000000.0,north,2.5,4.0,4.0,4107.0,26.0,7.0,1,0,1,0,71416666.66666667
"Bhaisepati, Lalitpur",35000000.0,west,2.5,5.0,4.0,1129.425,22.0,11.0,1,0,0,0,47632203.38983051
"Gahana Pokhari, Kathmandu",70000000.0,south,2.0,6.0,5.0,2156.1749999999997,11.0,7.0,1,0,0,0,70000000.0
"Tahachal, Kathmandu",190000000.0,south-west,5.0,10.0,8.0,3490.95,13.0,6.0,1,0,0,1,104333333.33333333
"Bistachhap, Lalitpur",22000000.0,east,2.5,4.0,3.0,3148.7,20.0,24.0,1,0,0,0,22000000.0
"Sundarbasti, Kathmandu",39000000.0,north-east,2.5,5.0,3.0,1711.25,13.0,19.0,0,0,0,0,34144444.44444445
"Gorkarneshwor, Kathmandu",13000000.0,east,1.0,2.0,1.0,1026.75,13.0,17.0,1,0,0,0,13000000.0
"Nagarjun, Kathmandu",25000000.0,north-east,2.5,4.0,3.0,1060.9750000000001,16.0,8.0,1,0,0,0,25000000.0
"Wasik, Kathmandu",41000000.0,south-west,3.0,5.0,4.0,1779.7,13.0,18.0,1,0,1,0,34250000.0
"Sukedhara, Kathmandu",45000000.0,east,2.5,4.0,3.0,2395.75,15.0,7.0,1,0,0,0,33192307.692307692
"Thaiba, Lalitpur",50000000.0,south-west,2.5,4.0,3.0,1779.7,20.0,7.0,1,0,0,0,39166666.666666664
"Dhapasi, Kathmandu",47500000.0,south-east,2.5,3.0,4.0,2087.725,15.0,7.0,1,0,1,0,38452173.91304348
"Basundhara, Kathmandu",87500000.0,south,3.5,7.0,6.0,2156.1749999999997,20.0,10.0,1,0,0,0,50125000.0
"Bhaisepati, Lalitpur",35000000.0,east,3.5,8.0,4.0,1711.25,10.0,24.0,1,0,0,0,47632203.38983051
"Ranibari, Kathmandu",35000000.0,west,3.0,6.0,3.0,1369.0,22.0,10.0,1,0,0,0,35000000.0
"Goldhunga, Kathmandu",25000000.0,west,2.5,5.0,4.0,1095.2,10.0,10.0,0,0,0,0,21500000.0
"Baluwakhani, Kathmandu",31500000.0,east,2.5,3.0,4.0,1369.0,13.0,12.0,0,0,0,0,29250000.0
"Narayanthan , Kathmandu",55000000.0,east,2.5,4.0,5.0,3764.75,15.0,12.0,1,0,1,0,52071428.571428575
"Ichangu Narayan, Kathmandu",21500000.0,west,2.5,4.0,4.0,752.95,9.0,6.0,0,0,0,0,21500000.0
"Basanti Chowk, Kathmandu",22000000.0,south,2.5,4.0,4.0,1026.75,10.0,17.0,1,0,0,0,22000000.0
"Tindhara, Kathmandu",22000000.0,north,2.5,6.0,5.0,1026.75,26.0,12.0,1,0,0,0,22000000.0
"Buddha Chowk, Kathmandu",24000000.0,west,2.5,4.0,5.0,1026.75,10.0,17.0,1,0,0,0,24000000.0
"Hattigaunda, Kathmandu",36500000.0,north-east,3.0,4.0,3.0,2121.9500000000003,13.0,12.0,0,0,0,0,42730769.23076923
"Matatirtha, Kathmandu",20000000.0,south,3.0,3.0,3.0,1745.475,26.0,9.0,1,0,0,0,23000000.0
"Sitapaila, Kathmandu",27000000.0,north,3.5,5.0,4.0,1369.0,10.0,10.0,1,0,0,0,31995000.0
"Satdobato, Lalitpur",70000000.0,south,4.5,13.0,9.0,3422.5,13.0,6.0,1,0,0,0,43187500.0
"Syuchatar, Kathmandu",25000000.0,south,2.5,6.0,2.0,1095.2,13.0,10.0,1,0,0,0,26500000.0
"Sitapaila, Kathmandu",27500000.0,south-east,2.5,4.0,3.0,1403.225,16.0,22.0,1,0,1,0,31995000.0
"Sitapaila, Kathmandu",29500000.0,south,2.5,4.0,3.0,1437.45,16.0,10.0,1,0,1,0,31995000.0
"Kalyanpur, Chitwan",14000000.0,south-east,2.0,5.0,4.0,1369.0,20.0,6.0,1,0,0,0,14000000.0
"Sitapaila, Kathmandu",31500000.0,east,2.5,5.0,5.0,1711.25,13.0,13.0,1,0,0,1,31995000.0
"Tilganga, Kathmandu",61500000.0,south-east,4.5,21.0,21.0,752.95,20.0,4.0,0,0,0,0,61500000.0
"Thulobharyang, Kathmandu",15000000.0,south,1.0,3.0,1.0,752.95,10.0,6.0,1,0,0,0,23333333.333333332
"Jorpati, Kathmandu",23000000.0,south,2.5,5.0,3.0,1095.2,10.0,21.0,1,0,0,1,23000000.0
"Nil Barahi Mandir, Bhaktapur",20000000.0,east,2.0,4.0,2.0,1060.9750000000001,20.0,13.0,1,0,0,1,17750000.0
"Balaju, Kathmandu",57500000.0,west,2.5,6.0,3.0,3114.475,10.0,11.0,0,0,0,0,57500000.0
"Sitapaila, Kathmandu",12000000.0,north-east,2.5,3.0,4.0,787.175,4.0,3.0,1,0,0,1,31995000.0
"Machhapokhari, Kathmandu",30000000.0,east,2.5,4.0,4.0,1369.0,10.0,6.0,1,0,0,0,44666666.666666664
"Sunakothi, Lalitpur",42500000.0,east,2.5,3.0,3.0,2053.5,15.0,13.0,1,0,0,0,44000000.0
"Satdobato, Lalitpur",26000000.0,east,2.5,4.0,3.0,1026.75,13.0,3.0,1,0,0,0,43187500.0
"Bhaisepati, Lalitpur",55000000.0,south-west,2.5,4.0,5.0,1711.25,16.0,6.0,1,0,0,0,47632203.38983051
"Budhanilkantha, Kathmandu",46500000.0,west,2.5,9.0,6.0,2395.75,15.0,10.0,1,0,0,0,51359210.526315786
"Budhanilkantha, Kathmandu",36000000.0,west,2.5,4.0,5.0,1369.0,15.0,10.0,1,0,0,0,51359210.526315786
"Manamaiju, Kathmandu",27500000.0,north,3.5,6.0,4.0,1369.0,12.0,10.0,1,0,0,0,49375000.0
"Dhapasi, Kathmandu",42500000.0,south,2.5,6.0,5.0,1711.25,18.0,3.0,1,0,0,0,38452173.91304348
"Balkumari, Lalitpur",42500000.0,north-east,4.0,16.0,4.0,1437.45,36.0,22.0,0,0,0,0,67125000.0
"Dhapasi, Kathmandu",28500000.0,east,2.5,4.0,4.0,1095.2,16.0,6.0,1,0,0,0,38452173.91304348
"Nakhipot, Lalitpur",32000000.0,west,2.5,5.0,4.0,1437.45,20.0,10.0,1,0,0,0,34208333.333333336
"Goldhunga, Kathmandu",30000000.0,east,2.5,4.0,4.0,1437.45,20.0,10.0,1,0,0,0,21500000.0
"Machhe Gaun, Kathmandu",14000000.0,west,3.0,8.0,4.0,1026.75,13.0,24.0,1,0,0,0,14000000.0
"Rudreshwor, Kathmandu",50000000.0,east,3.0,4.0,5.0,1745.475,16.0,12.0,1,0,0,0,67583333.33333333
"Chapali, Kathmandu",28000000.0,north-east,3.0,5.0,3.0,1129.425,13.0,12.0,1,0,0,0,33000000.0
"Koteshwor, Kathmandu",27500000.0,north,2.5,6.0,4.0,1026.75,26.0,4.0,1,0,0,0,41125000.0
"Matatirtha, Kathmandu",20000000.0,south,2.5,8.0,4.0,2738.0,16.0,10.0,1,0,0,0,23000000.0
"Nakkhu, Lalitpur",39500000.0,east,2.5,4.0,4.0,1711.25,13.0,10.0,1,0,1,1,33960000.0
"Balkhu, Lalitpur",24900000.000000004,north,2.5,3.0,3.0,787.175,20.0,12.0,1,0,0,0,24900000.000000004
"Bhaisepati, Lalitpur",45000000.0,south,2.0,4.0,4.0,1711.25,16.0,6.0,1,0,0,0,47632203.38983051
"Bhaktapur, Bhaktapur",14000000.0,west,2.0,3.0,2.0,1095.2,14.0,10.0,1,0,0,0,14000000.0
"Jarankhu, Kathmandu",35000000.0,north,3.5,8.0,4.0,1369.0,13.0,9.0,1,0,0,0,35000000.0
"Paiyuntar, Kathmandu",30000000.0,west,2.5,5.0,4.0,1471.675,12.0,6.0,1,0,1,0,24250000.0
"Budhanilkantha, Kathmandu",50000000.0,east,2.5,4.0,5.0,1745.475,15.0,10.0,1,0,0,0,51359210.526315786
"Kalikasthan, Kathmandu",25000000.0,east,2.5,4.0,4.0,444.925,30.0,17.0,0,0,0,0,42500000.0
"Birtamode, Jhapa",15000000.0,east,2.5,4.0,4.0,1369.0,14.0,6.0,1,0,0,0,15000000.0
"Gurjudhara, Kathmandu",19000000.0,east,1.5,8.0,4.0,1026.75,13.0,3.0,1,0,0,0,22666666.666666668
"Bansbari, Kathmandu",96000000.0,south-east,2.5,7.0,6.0,5476.0,15.0,6.0,1,0,1,0,55545454.54545455
"Dhapasi, Kathmandu",23000000.0,north-east,2.5,4.0,3.0,1369.0,13.0,10.0,1,0,0,0,38452173.91304348
"Bhadrabas, Kathmandu",12500000.0,north,1.0,2.0,2.0,1369.0,20.0,10.0,1,0,0,0,12500000.0
"Bagdol, Lalitpur",55000000.0,east,3.5,7.0,4.0,2053.5,16.0,6.0,1,0,0,0,42000000.0
"Ganesh Chowk, Kathmandu",67500000.0,north-east,2.5,6.0,5.0,2087.725,12.0,6.0,1,0,0,1,42962500.0
"Kapan, Kathmandu",36000000.0,north,3.5,6.0,5.0,1711.25,13.0,10.0,1,0,0,0,27269230.769230768
"Siddhartha Colony, Kathmandu",35000000.0,east,2.5,6.0,6.0,1026.75,20.0,10.0,1,0,0,0,52500000.0
"Bhaisepati, Lalitpur",40000000.0,west,2.5,5.0,4.0,1711.25,20.0,7.0,1,0,0,0,47632203.38983051
"Hattigaunda, Kathmandu",36500000.0,east,2.5,5.0,5.0,2121.9500000000003,15.0,19.0,1,0,0,0,42730769.23076923
"Sundarbasti, Kathmandu",38500000.0,south-east,2.5,6.0,5.0,1437.45,20.0,7.0,1,0,0,0,34144444.44444445
"Sundarbasti, Kathmandu",38500000.0,north-east,2.5,6.0,5.0,1711.25,13.0,8.0,1,0,0,0,34144444.44444445
"Sitapaila, Kathmandu",67400000.0,north-west,2.0,4.0,3.0,3490.95,20.0,7.0,1,0,1,0,31995000.0
"Budhanilkantha, Kathmandu",110000000.0,north-east,2.5,5.0,6.0,5133.75,15.0,7.0,1,0,1,0,51359210.526315786
"Gothatar, Kathmandu",14000000.0,east,1.0,2.0,1.0,1095.2,20.0,10.0,0,0,0,0,24375000.0
"Gongabu, Kathmandu",31500000.0,south,2.5,11.0,5.0,1369.0,13.0,9.0,1,0,0,0,38428571.428571425
"Sudal, Bhaktapur",21000000.0,east,3.5,10.0,3.0,1129.425,10.0,8.0,1,0,0,0,16850000.0
"Khumaltar, Lalitpur",35000000.0,north-east,2.5,6.0,4.0,2053.5,22.0,7.0,1,0,0,0,44153846.15384615
"Aarubari, Kathmandu",19000000.0,north-west,3.5,10.0,3.0,1026.75,19.0,22.0,1,0,0,0,19000000.0
"Baluwa, Kathmandu",19000000.0,north,2.5,5.0,4.0,1095.2,13.0,17.0,1,0,0,0,19000000.0
"Tinthana, Kathmandu",19800000.0,east,2.5,8.0,4.0,1026.75,13.0,7.0,1,0,0,0,19800000.0
"Imadol, Lalitpur",26500000.0,north-west,2.5,4.0,4.0,1095.2,11.0,6.0,1,0,0,0,29527777.777777776
"Satdobato, Lalitpur",45000000.0,west,2.5,6.0,3.0,2087.725,12.0,6.0,1,0,1,0,43187500.0
"Swoyambhu, Kathmandu",110000000.0,north,2.5,11.0,9.0,3080.25,18.0,26.0,1,0,0,0,110000000.0
"Imadol, Lalitpur",27500000.0,south-west,2.5,6.0,1.0,1095.2,20.0,9.0,1,0,0,0,29527777.777777776
"Sinamangal, Kathmandu",45000000.0,west,2.5,5.0,5.0,1779.7,13.0,8.0,1,0,0,0,47000000.0
"Khumaltar, Lalitpur",42500000.0,west,2.5,7.0,4.0,1779.7,18.0,22.0,1,0,0,0,44153846.15384615
"Radhe Radhe, Bhaktapur",62500000.0,south-east,2.5,6.0,3.0,2738.0,16.0,17.0,1,0,1,0,37833333.333333336
"Dhapakhel, Lalitpur",42000000.0,north-east,2.0,4.0,3.0,2806.45,13.0,7.0,1,0,0,0,32500000.0
"Chunikhel, Kathmandu",15500000.0,south,1.0,4.0,4.0,1026.75,20.0,6.0,1,0,0,0,20000000.0
"SuryadaRs.han Height, Kathmandu",32500000.0,west,3.5,5.0,3.0,1129.425,16.0,26.0,1,0,0,0,33750000.0
"Dhapakhel, Lalitpur",29000000.0,south-east,2.5,3.0,3.0,1026.75,26.0,9.0,1,0,0,0,32500000.0
"Budhanilkantha, Kathmandu",32000000.0,south,2.5,4.0,4.0,1369.0,20.0,12.0,1,0,0,0,51359210.526315786
"Budhanilkantha, Kathmandu",32500000.0,south,2.5,5.0,4.0,1403.225,20.0,7.0,1,0,0,0,51359210.526315786
"Boharatar, Kathmandu",20000000.0,east,2.0,5.0,2.0,1026.75,13.0,7.0,1,0,0,0,20000000.0
"Jhamsikhel, Lalitpur",40000000.0,east,2.5,4.0,4.0,1026.75,20.0,9.0,1,0,0,0,40000000.0
"Ekantakuna, Lalitpur",36000000.0,south-east,2.5,6.0,3.0,1711.25,13.0,22.0,1,0,0,0,36000000.0
"Godawari, Lalitpur",55000000.0,north,2.5,4.0,4.0,1369.0,16.0,6.0,1,0,1,0,55000000.0
"Grande Villa, Kathmandu",53500000.0,east,2.5,5.0,5.0,1779.7,21.0,6.0,1,0,0,0,39375000.0
"Budhanilkantha, Kathmandu",50000000.0,north,2.5,5.0,4.0,1745.475,15.0,6.0,1,0,0,0,51359210.526315786
"Bhaisepati, Lalitpur",55000000.0,south-west,2.5,4.0,5.0,1711.25,20.0,6.0,1,0,0,0,47632203.38983051
"Budhanilkantha, Kathmandu",35000000.0,east,2.0,6.0,6.0,1095.2,20.0,11.0,1,0,0,0,51359210.526315786
"Sainbu, Lalitpur",30000000.0,north,2.5,4.0,4.0,1369.0,0.0,9.0,1,0,0,0,50000000.0
"Pepsicola, Kathmandu",26000000.0,north,3.5,8.0,4.0,1026.75,10.0,13.0,1,0,0,0,31833333.333333332
"Khusibu, Kathmandu",105000000.0,south,4.5,10.0,8.0,2429.975,16.0,8.0,1,0,0,0,60000000.0
"Imadol, Lalitpur",20500000.0,north,2.5,4.0,4.0,752.95,13.0,4.0,1,0,0,1,29527777.777777776
"Thankot, Kathmandu",30000000.0,south,1.5,4.0,2.0,1369.0,13.0,3.0,1,0,0,0,17794117.647058822
"Tokha, Kathmandu",24000000.0,south,3.0,5.0,3.0,1026.75,11.0,7.0,1,0,0,0,32375000.0
"Ganesh Chowk, Kathmandu",65000000.0,east,2.5,5.0,4.0,2053.5,15.0,8.0,1,0,0,0,42962500.0
"Bhaisepati, Lalitpur",55000000.0,south-east,2.5,3.0,4.0,1437.45,18.0,6.0,1,0,0,0,47632203.38983051
"Chandragiri, Kathmandu",18500000.0,east,2.5,8.0,4.0,1095.2,10.0,26.0,1,0,0,0,20920000.0
"Maharajgunj, Kathmandu",90000000.0,south,2.5,5.0,4.0,4141.224999999999,16.0,11.0,1,0,0,0,87200000.0
"Khumaltar, Lalitpur",40000000.0,east,2.5,4.0,5.0,1369.0,26.0,12.0,1,0,0,0,44153846.15384615
"Kapan, Kathmandu",16000000.0,east,1.0,4.0,4.0,1060.9750000000001,13.0,8.0,1,0,0,0,27269230.769230768
"Bansbari, Kathmandu",62500000.0,south,2.0,4.0,3.0,3148.7,13.0,6.0,1,0,1,0,55545454.54545455
"Bansbari, Kathmandu",62500000.0,south,2.0,3.0,3.0,3422.5,13.0,6.0,1,0,1,0,55545454.54545455
"Putalisadak, Kathmandu",85000000.0,east,3.5,6.0,7.0,2395.75,15.0,11.0,1,0,0,0,85000000.0
"Budhanilkantha, Kathmandu",70000000.0,west,2.5,6.0,5.0,2738.0,20.0,12.0,1,0,0,0,51359210.526315786
"Golfutar, Kathmandu",31500000.0,north-east,2.5,5.0,5.0,1095.2,20.0,8.0,1,0,0,0,37055555.55555555
"Rudreshwor, Kathmandu",57500000.0,south,2.5,5.0,5.0,2053.5,15.0,22.0,1,0,0,0,67583333.33333333
"Kapan, Kathmandu",29500000.0,east,3.5,5.0,4.0,2053.5,10.0,8.0,1,0,1,1,27269230.769230768
"Sukedhara, Kathmandu",22500000.0,east,2.5,5.0,4.0,1369.0,13.0,8.0,1,0,0,0,33192307.692307692
"Budhanilkantha, Kathmandu",67500000.0,south-east,2.5,5.0,5.0,2738.0,15.0,9.0,1,0,0,0,51359210.526315786
"Pasikot, Kathmandu",33500000.0,south,2.5,5.0,4.0,1711.25,13.0,12.0,1,0,1,0,32693333.333333332
"Nepaltar, Kathmandu",21000000.0,south,2.5,5.0,3.0,1026.75,10.0,22.0,1,0,0,0,21450000.0
"Manigram, Rupandehi",23000000.0,south-east,2.5,5.0,4.0,1369.0,40.0,7.0,1,0,0,0,23000000.0
"Ekatabasti, Kathmandu",16000000.0,south,2.5,4.0,5.0,752.95,12.0,6.0,1,0,0,0,24666666.666666668
"Budhanilkantha, Kathmandu",33500000.0,east,2.5,6.0,5.0,1369.0,13.0,6.0,1,0,0,0,51359210.526315786
"Sorhakhutte, Kathmandu",45000000.0,east,5.5,15.0,7.0,1095.2,12.0,6.0,1,0,0,0,46250000.0
"Imadol, Lalitpur",34500000.0,east,1.5,5.0,4.0,1369.0,13.0,12.0,1,0,0,0,29527777.777777776
"Imadol, Lalitpur",14500000.0,north,1.5,4.0,1.0,1026.75,11.0,8.0,1,0,0,0,29527777.777777776
"Dahachowk, Kathmandu",17500000.0,east,2.5,5.0,4.0,1095.2,13.0,9.0,1,0,0,0,17500000.0
"Bhaisepati, Lalitpur",44000000.0,north,2.5,4.0,4.0,1129.425,20.0,9.0,1,0,0,0,47632203.38983051
"New Road, Kathmandu",45000000.0,east,6.0,14.0,6.0,1437.45,13.0,20.0,1,0,0,0,33750000.0
"Banepa, Kavrepalanchok",20000000.0,east,3.0,10.0,3.0,1026.75,16.0,11.0,1,0,0,0,20000000.0
"New Road, Kathmandu",22500000.0,south,7.0,5.0,4.0,1369.0,13.0,20.0,0,0,0,0,33750000.0
"Sitapaila, Kathmandu",30000000.0,north,2.5,6.0,3.0,1437.45,12.0,22.0,1,0,0,0,31995000.0
"Kapan, Kathmandu",33800000.0,north,2.5,6.0,5.0,1437.45,13.0,8.0,1,0,0,0,27269230.769230768
"Kapan, Kathmandu",18500000.0,south,2.5,5.0,4.0,1026.75,12.0,7.0,1,0,0,0,27269230.769230768
"Kapan, Kathmandu",14000000.0,south-west,1.0,2.0,1.0,1026.75,12.0,17.0,1,0,0,0,27269230.769230768
"Baseni, Chitwan",12000000.0,west,2.5,4.0,3.0,1369.0,13.0,7.0,1,0,0,0,12000000.0
"Gopikrishna Hall, Kathmandu",28500000.0,west,2.5,6.0,4.0,1369.0,15.0,6.0,1,0,0,0,28500000.0
"Grande Villa, Kathmandu",39000000.0,north,2.0,4.0,3.0,1471.675,16.0,26.0,1,0,1,0,39375000.0
"Budhanilkantha, Kathmandu",33500000.0,north,2.5,6.0,2.0,1540.125,13.0,8.0,1,0,0,0,51359210.526315786
"Sirutar, Bhaktapur",26500000.0,north-east,2.0,4.0,4.0,1129.425,13.0,13.0,1,0,0,0,26500000.0
"Budhanilkantha, Kathmandu",60000000.0,south-east,2.5,6.0,5.0,2053.5,15.0,20.0,1,0,1,0,51359210.526315786
"Golfutar, Kathmandu",39000000.0,south-east,2.5,4.0,4.0,1779.7,13.0,13.0,1,0,0,0,37055555.55555555
"Budhanilkantha, Kathmandu",42500000.0,north,2.5,5.0,5.0,1711.25,15.0,9.0,1,0,0,0,51359210.526315786
"Budhanilkantha, Kathmandu",75000000.0,south-east,2.5,5.0,5.0,2395.75,14.0,14.0,1,0,1,0,51359210.526315786
"Khumaltar, Lalitpur",36500000.0,east,2.5,3.0,4.0,1095.2,13.0,22.0,1,0,0,0,44153846.15384615
"Jawalakhel, Lalitpur",110000000.0,north,2.0,4.0,3.0,4107.0,26.0,27.0,0,0,0,0,73000000.0
"Jyotinagar, Kathmandu",38800000.0,north,2.5,5.0,4.0,1026.75,15.0,14.0,1,0,0,0,30460000.0
"Thaiba, Lalitpur",45000000.0,south-east,2.5,4.0,4.0,2053.5,20.0,21.0,1,0,1,0,39166666.666666664
"Kalanki, Kathmandu",24000000.0,east,2.5,5.0,4.0,1369.0,14.0,10.0,1,0,0,0,34900000.0
"Bhaisepati, Lalitpur",59500000.0,south-west,2.5,5.0,5.0,2053.5,16.5,4.0,1,0,0,0,47632203.38983051
"Bhaisepati, Lalitpur",41000000.0,north,2.5,4.0,4.0,1129.425,20.0,4.0,1,0,0,0,47632203.38983051
"Naya Basti, Kathmandu",20500000.0,south,2.5,7.0,3.0,1026.75,10.0,19.0,1,0,0,0,23000000.0
"Gongabu, Kathmandu",37500000.0,west,3.5,8.0,3.0,1060.9750000000001,10.0,10.0,1,0,0,0,38428571.428571425
"Budhanilkantha, Kathmandu",47500000.0,south,2.5,5.0,4.0,1471.675,13.0,7.0,1,0,0,0,51359210.526315786
"Budhanilkantha, Kathmandu",32000000.0,north-west,2.5,6.0,5.0,1026.75,15.0,4.0,1,0,0,0,51359210.526315786
"Handigaun, Kathmandu",52500000.0,south,2.5,7.0,5.0,2464.2000000000003,15.0,4.0,1,0,0,0,52500000.0
"Sundarbasti, Kathmandu",24500000.0,east,2.5,5.0,4.0,1095.2,12.0,9.0,1,0,0,0,34144444.44444445
"Deuwa chowk, Kathmandu",70000000.0,east,4.0,8.0,12.0,2429.975,13.0,19.0,1,0,0,0,48200000.0
"Bansbari, Kathmandu",55000000.0,north,2.5,6.0,5.0,2121.9500000000003,13.0,4.0,1,0,0,0,55545454.54545455
"Kapan, Kathmandu",19500000.0,east,3.5,7.0,5.0,1026.75,15.0,7.0,1,0,0,0,27269230.769230768
"Mandikhatar, Kathmandu",28500000.0,east,2.5,4.0,3.0,1060.9750000000001,13.0,2.0,1,0,0,0,43173333.333333336
"Ghattekulo, Kathmandu",65000000.0,south,3.5,10.0,4.0,2087.725,16.5,8.0,1,0,1,0,41000000.0
"Minbhawan, Kathmandu",35000000.0,east,3.0,6.0,3.0,1197.875,16.5,7.0,1,0,0,0,35000000.0
"Samakhusi, Kathmandu",30500000.0,north,3.0,5.0,4.0,1129.425,15.0,8.0,1,0,0,0,33875000.0
"Budhanilkantha, Kathmandu",69000000.0,north,3.5,8.0,4.0,1711.25,20.0,2.0,1,0,0,0,51359210.526315786
"Budhanilkantha, Kathmandu",19000000.0,south-east,2.0,4.0,5.0,1095.2,13.0,6.0,1,0,0,0,51359210.526315786
"Dhumbarahi, Kathmandu",33000000.0,east,2.5,5.0,4.0,1437.45,10.0,6.0,1,0,0,0,58000000.0
"Budhanilkantha, Kathmandu",46500000.0,south,2.5,5.0,4.0,1711.25,16.0,11.0,1,0,0,0,51359210.526315786
"Budhanilkantha, Kathmandu",60000000.0,west,2.5,5.0,4.0,2738.0,15.0,15.0,1,0,0,0,51359210.526315786
"Sorhakhutte, Kathmandu",47500000.0,south,3.5,9.0,4.0,1711.25,12.0,4.0,1,0,0,1,46250000.0
"Budhanilkantha, Kathmandu",29000000.0,north,2.5,6.0,5.0,1095.2,12.0,4.0,1,0,0,0,51359210.526315786
"Budhanilkantha, Kathmandu",47500000.0,south,2.5,5.0,4.0,1471.675,15.0,5.0,1,0,0,0,51359210.526315786
"Budhanilkantha, Kathmandu",45000000.0,west,2.5,6.0,5.0,1711.25,13.0,4.0,0,0,0,0,51359210.526315786
"Nakkhu, Lalitpur",31000000.0,north,2.5,6.0,5.0,1437.45,16.5,7.0,1,0,0,0,33960000.0
"Gwarko, Lalitpur",35500000.0,south,3.5,6.0,5.0,1437.45,14.0,8.0,1,0,1,1,26142857.14285714
"Nalinchwok, Bhaktapur",11000000.0,north,2.5,3.0,3.0,1026.75,8.0,8.0,1,0,0,0,11000000.0
"Grande Villa, Kathmandu",39000000.0,north,2.5,4.0,4.0,1471.675,16.0,4.0,1,0,0,0,39375000.0
"Mandikhatar, Kathmandu",38800000.0,east,2.5,5.0,4.0,1711.25,15.0,8.0,0,0,0,0,43173333.333333336
"Sukedhara, Kathmandu",28500000.0,south,2.5,5.0,4.0,1026.75,20.0,14.0,0,0,0,0,33192307.692307692
"Nakkhu, Lalitpur",36000000.0,north-east,3.0,5.0,3.0,1403.225,10.0,23.0,1,0,0,0,33960000.0
"Ochu Height, Lalitpur",22500000.0,west,2.5,4.0,5.0,1095.2,13.0,32.0,1,0,0,0,27000000.0
"Hattiban, Lalitpur",25000000.0,south,2.5,5.0,2.0,1095.2,13.0,5.0,1,0,0,0,40300000.0
"Imadol, Lalitpur",37500000.0,south,2.5,4.0,4.0,1369.0,13.0,3.0,1,0,0,0,29527777.777777776
"Tikathali, Lalitpur",19500000.0,south,2.5,4.0,4.0,752.95,13.0,7.0,1,0,0,0,25147058.82352941
"Kapan, Kathmandu",38500000.0,south-east,2.5,6.0,5.0,1745.475,13.0,14.0,0,0,0,0,27269230.769230768
"Hattigaunda, Kathmandu",44000000.0,east,2.5,6.0,4.0,1711.25,14.0,12.0,1,0,0,0,42730769.23076923
"Sanobharyang, Kathmandu",39500000.0,east,2.5,4.0,4.0,1437.45,20.0,6.0,1,0,1,0,39500000.0
"Shantinagar, Kathmandu",52500000.0,north,4.0,36.0,17.0,2121.9500000000003,13.0,32.0,0,0,0,0,48750000.0
"Deuwa chowk, Kathmandu",49500000.0,east,2.5,8.0,5.0,2738.0,13.0,5.0,1,0,1,0,48200000.0
"Dholahiti, Lalitpur",41000000.0,north,2.0,5.0,4.0,1711.25,13.0,6.0,1,0,0,0,41000000.0
"Mulpani, Kathmandu",19500000.0,south,2.5,6.0,3.0,1026.75,11.5,4.0,1,0,0,0,20250000.0
 undefined,34000000.0,east,2.5,4.0,5.0,1711.25,15.0,15.0,0,0,0,0,26250000.0
"Golfutar, Kathmandu",44500000.0,west,2.5,5.0,5.0,1711.25,15.0,32.0,1,0,0,0,37055555.55555555
"Hasantar, Kathmandu",48500000.0,south-east,2.5,4.0,4.0,2738.0,20.0,4.0,1,0,0,0,48500000.0
"Golfutar, Kathmandu",65000000.0,west,2.5,5.0,4.0,2087.725,14.0,4.0,0,0,1,1,37055555.55555555
"Goldhunga, Kathmandu",17000000.0,south,2.5,5.0,3.0,1129.425,10.0,32.0,1,0,0,0,21500000.0
"Changathali, Lalitpur",18500000.0,east,2.5,4.0,3.0,1026.75,14.0,8.0,1,0,0,0,16750000.0
"Bhaisepati, Lalitpur",25000000.0,south-east,3.5,4.0,5.0,1026.75,16.0,12.0,1,0,0,1,47632203.38983051
"Panauti, Kavrepalanchok",10000000.0,east,2.5,7.0,3.0,1026.75,24.0,3.0,0,0,0,0,10000000.0
"Pingalasthan, Kathmandu",45000000.0,south-east,3.5,7.0,7.0,1711.25,20.0,10.0,1,0,0,0,45000000.0
"Rudreshwor, Kathmandu",35000000.0,west,2.5,5.0,5.0,1711.25,13.0,13.0,1,0,0,0,67583333.33333333
"Nikhileshwor, Kathmandu",27500000.0,west,2.5,5.0,4.0,1060.9750000000001,16.0,10.0,1,0,0,0,27500000.0
"Grande Hospital, Kathmandu",26000000.0,south-west,2.5,3.0,4.0,1026.75,14.0,12.0,1,0,1,1,28160000.0
"Bafal, Kathmandu",27500000.0,south,2.5,4.0,4.0,1437.45,13.0,6.0,1,0,0,0,39055555.55555555
"Vinayak Colony, Lalitpur",51000000.0,west,2.5,4.0,3.0,1471.675,20.0,13.0,1,0,0,0,51000000.0
"Budhanilkantha, Kathmandu",61000000.0,north-east,2.5,6.0,5.0,2053.5,15.0,9.0,1,0,0,0,51359210.526315786
"Kadaghari, Kathmandu",26000000.0,south-west,2.5,5.0,3.0,1026.75,13.0,13.0,0,0,0,0,38333333.333333336
"Syuchatar, Kathmandu",39000000.0,south,2.5,4.0,4.0,1369.0,20.0,12.0,0,0,0,0,26500000.0
"Makalbari, Kathmandu",19500000.0,west,2.5,5.0,3.0,1026.75,13.0,10.0,1,0,0,0,28750000.0
"Dhapakhel, Lalitpur",40000000.0,east,3.5,7.0,5.0,1369.0,12.0,10.0,1,0,0,0,32500000.0
"Paiyuntar, Kathmandu",18500000.0,west,4.0,7.0,5.0,1060.9750000000001,10.0,12.0,0,0,0,0,24250000.0
"Vinayak Colony, Lalitpur",51000000.0,west,2.5,4.0,2.0,1471.675,20.0,9.0,1,0,0,0,51000000.0
"Tikathali, Lalitpur",22000000.0,east,2.0,4.0,2.0,1369.0,13.0,10.0,1,0,1,1,25147058.82352941
"Imadol, Lalitpur",23000000.0,east,2.5,4.0,2.0,1026.75,12.0,3.0,1,0,0,0,29527777.777777776
"Imadol, Lalitpur",25000000.0,south-west,2.5,4.0,4.0,1129.425,13.0,10.0,1,0,0,0,29527777.777777776
"Imadol, Lalitpur",22000000.0,west,2.5,4.0,4.0,1026.75,20.0,4.0,1,0,0,0,29527777.777777776
"Imadol, Lalitpur",28500000.0,east,2.5,4.0,2.0,1129.425,13.0,4.0,1,0,0,0,29527777.777777776
"Imadol, Lalitpur",26000000.0,west,2.5,4.0,4.0,1026.75,13.0,4.0,1,0,0,0,29527777.777777776
"Mandikhatar, Kathmandu",27500000.0,east,2.5,6.0,6.0,1369.0,13.0,11.0,1,0,0,0,43173333.333333336
"Kharibot, Kathmandu",28800000.0,south,2.5,5.0,4.0,1403.225,15.0,8.0,0,0,0,0,31575000.0
"Ghattekulo, Kathmandu",25500000.0,north,2.0,7.0,4.0,1403.225,6.5,5.0,1,0,0,0,41000000.0
"Samakhushi chowk, Kathmandu",45000000.0,south-east,3.5,21.0,5.0,1711.25,22.0,4.0,0,0,0,0,38500000.0
"Matatirtha, Kathmandu",40000000.0,north-east,3.0,6.0,4.0,4551.925,16.0,5.0,0,0,1,1,23000000.0
"Kapan, Kathmandu",33000000.0,south,2.5,6.0,32.0,1129.425,22.0,7.0,1,0,0,0,27269230.769230768
"Dhapasi, Kathmandu",32500000.0,east,2.5,5.0,1.0,2053.5,10.0,4.0,1,0,0,0,38452173.91304348
"Hattigaunda, Kathmandu",37500000.0,north-east,2.5,7.0,5.0,2053.5,14.0,7.0,0,0,1,1,42730769.23076923
"Imadol, Lalitpur",26000000.0,east,2.5,4.0,4.0,1095.2,13.0,4.0,1,0,0,0,29527777.777777776
"Imadol, Lalitpur",23500000.0,east,2.5,5.0,5.0,1026.75,13.0,4.0,1,0,0,0,29527777.777777776
"Bhaisepati, Lalitpur",32000000.0,north-east,2.5,4.0,4.0,1129.425,13.0,4.0,1,0,0,0,47632203.38983051
"Jyotinagar, Kathmandu",35000000.0,south-east,2.5,7.0,4.0,1369.0,14.0,7.0,1,0,0,0,30460000.0
"Imadol, Lalitpur",22500000.0,north,2.5,6.0,4.0,1060.9750000000001,13.0,6.0,1,0,0,0,29527777.777777776
"Imadol, Lalitpur",21000000.0,north,2.5,4.0,4.0,787.175,13.0,6.0,1,0,0,0,29527777.777777776
"Ochu Height, Lalitpur",22500000.0,west,2.5,4.0,5.0,1026.75,13.0,11.0,1,0,0,0,27000000.0
"Sitapaila, Kathmandu",29500000.0,north,2.5,4.0,5.0,1711.25,13.0,5.0,1,0,0,0,31995000.0
"Goldhunga, Kathmandu",20500000.0,east,2.5,4.0,3.0,1026.75,16.0,6.0,1,0,0,0,21500000.0
"Kapan, Kathmandu",22500000.0,east,2.5,5.0,4.0,1095.2,13.0,6.0,0,0,0,0,27269230.769230768
"Baneshwor, Kathmandu",49900000.0,south-east,3.5,5.0,4.0,1369.0,14.0,11.0,1,0,0,1,44950000.0
"Budhanilkantha, Kathmandu",62000000.0,west,2.5,4.0,6.0,3148.7,20.0,16.0,1,0,0,0,51359210.526315786
"Pepsicola, Kathmandu",32500000.0,south-east,3.0,5.0,4.0,1711.25,18.0,8.0,1,0,0,0,31833333.333333332
"Nikhileshwor, Kathmandu",27500000.0,west,2.5,5.0,4.0,1060.9750000000001,16.0,16.0,1,0,0,0,27500000.0
"Kapan, Kathmandu",45500000.0,north,2.5,5.0,3.0,2053.5,15.0,6.0,1,0,0,0,27269230.769230768
"Bhaisepati, Lalitpur",90000000.0,south-east,2.5,5.0,5.0,2053.5,15.0,11.0,1,0,0,0,47632203.38983051
"Imadol, Lalitpur",24500000.0,north,2.5,5.0,4.0,1060.9750000000001,13.0,14.0,0,0,0,0,29527777.777777776
"Siran Bazar, Dhading",12000000.0,east,2.5,5.0,3.0,1369.0,15.0,14.0,1,0,0,0,12000000.0
"Bhaisepati, Lalitpur",40000000.0,south-east,2.5,6.0,4.0,1437.45,20.0,2.0,1,0,1,0,47632203.38983051
"Aakasedhara, Kathmandu",31500000.0,south-west,2.5,6.0,5.0,1711.25,12.0,10.0,1,0,0,0,31500000.0
"Hattiban, Lalitpur",40000000.0,north-east,3.0,7.0,5.0,1403.225,13.0,20.0,1,0,1,0,40300000.0
"Sitapaila, Kathmandu",14000000.0,west,1.0,2.0,1.0,1026.75,13.0,2.0,1,0,0,0,31995000.0
"Manbhawan, Lalitpur",62000000.0,west,5.0,17.0,10.0,2464.2000000000003,13.0,20.0,1,0,0,0,62000000.0
"Yetkha, Kathmandu",32000000.0,south,4.0,8.0,4.0,787.175,16.0,11.0,1,0,0,0,32000000.0
"Dhapasi, Kathmandu",58000000.0,south,3.5,5.0,5.0,3114.475,17.5,5.0,1,0,1,0,38452173.91304348
"Nakhipot, Lalitpur",36000000.0,south-east,2.5,7.0,5.0,1369.0,12.0,27.0,1,0,0,0,34208333.333333336
"Galkopakha, Kathmandu",11000000.0,east,3.5,5.0,2.0,342.25,12.0,18.0,0,0,0,0,11000000.0
"Budhanilkantha, Kathmandu",105000000.0,east,2.5,4.0,4.0,4449.25,13.0,8.0,1,0,1,0,51359210.526315786
"Budhanilkantha, Kathmandu",46000000.0,west,2.5,4.0,4.0,2053.5,13.0,2.0,1,0,0,0,51359210.526315786
"Ekatabasti, Kathmandu",36000000.0,west,2.5,4.0,4.0,1403.225,16.0,20.0,1,0,0,0,24666666.666666668
"Dhapasi, Kathmandu",44000000.0,north-east,2.5,5.0,4.0,2395.75,13.0,4.0,1,0,1,0,38452173.91304348
"Lolang, Kathmandu",13799999.999999998,east,1.0,2.0,1.0,1026.75,13.0,5.0,1,0,0,0,18325000.0
"Ekatabasti, Kathmandu",18500000.0,south,2.5,5.0,3.0,1026.75,13.0,4.0,1,0,0,0,24666666.666666668
"Radhe Radhe, Bhaktapur",24000000.0,north,4.0,4.0,4.0,752.95,24.0,4.0,1,0,0,0,37833333.333333336
"Deuwa chowk, Kathmandu",24000000.0,east,2.5,5.0,4.0,1026.75,13.0,8.0,1,0,0,0,48200000.0
"Bhangal , Kathmandu",29500000.0,east,3.0,5.0,4.0,1369.0,13.0,8.0,1,0,0,0,27633333.333333332
"Mandikhatar, Kathmandu",37800000.0,east,2.5,6.0,4.0,1711.25,13.0,4.0,1,0,0,0,43173333.333333336
"Pepsicola, Kathmandu",24000000.0,east,2.5,6.0,3.0,1095.2,20.0,5.0,1,0,0,0,31833333.333333332
"Kapan, Kathmandu",26500000.0,north-west,2.5,5.0,4.0,1369.0,13.0,6.0,1,0,0,0,27269230.769230768
"Sitapaila, Kathmandu",15000000.0,south,3.0,5.0,3.0,752.95,13.0,17.0,0,0,0,0,31995000.0
"Mandikhatar, Kathmandu",27500000.0,west,3.0,5.0,4.0,1060.9750000000001,16.0,5.0,1,0,0,0,43173333.333333336
"Balkot, Bhaktapur",28000000.0,south,3.0,4.0,4.0,1369.0,20.0,5.0,1,0,0,1,37750000.0
"Gothatar, Kathmandu",22500000.0,east,2.5,5.0,4.0,1060.9750000000001,20.0,8.0,1,0,0,0,24375000.0
"Narephat, Kathmandu",31500000.0,west,3.0,5.0,4.0,1369.0,14.0,8.0,1,0,0,0,31500000.0
"Thamel, Kathmandu",55000000.0,south-east,2.5,5.0,3.0,1026.75,13.0,32.0,1,0,1,0,39000000.0
"Kusunti, Lalitpur",110000000.0,east,2.5,4.0,4.0,3080.25,16.0,6.0,1,0,1,0,71416666.66666667
"Bafal, Kathmandu",36500000.0,south-west,2.5,7.0,3.0,1369.0,12.0,19.0,1,0,0,0,39055555.55555555
"Sipadol, Bhaktapur",15000000.0,south-east,1.0,2.0,1.0,1369.0,13.0,4.0,1,0,0,0,18500000.0
"Aaptari, Chitwan",22000000.0,east,3.0,12.0,4.0,1369.0,20.0,22.0,0,0,0,0,22000000.0
"Ganesh Chowk, Kathmandu",35000000.0,east,2.5,5.0,4.0,1369.0,13.0,5.0,1,0,1,0,42962500.0
"Chunikhel, Kathmandu",28000000.0,south-west,2.5,5.0,4.0,1369.0,13.0,5.0,1,0,0,0,20000000.0
"Baluwatar, Kathmandu",35000000.0,west,2.5,5.0,3.0,2053.5,25.0,12.0,1,0,1,0,54750000.0
"Ekatabasti, Kathmandu",17000000.0,east,1.0,2.0,1.0,1403.225,16.0,5.0,1,0,1,0,24666666.666666668
"Budhanilkantha, Kathmandu",36000000.0,west,2.5,5.0,4.0,1711.25,13.0,5.0,1,0,0,0,51359210.526315786
"Dhapasi, Kathmandu",21000000.0,east,2.5,5.0,3.0,1060.9750000000001,12.0,11.0,1,0,0,0,38452173.91304348
"Harisiddhi, Lalitpur",23500000.0,south,2.5,5.0,3.0,1095.2,20.0,4.0,1,0,1,1,27357142.85714286
"Rudreshwor, Kathmandu",68000000.0,east,2.5,5.0,4.0,2156.1749999999997,14.0,4.0,1,0,1,0,67583333.33333333
"Nakkhu, Lalitpur",64000000.0,east,3.0,8.0,6.0,2738.0,15.0,17.0,1,0,1,0,33960000.0
"Maijubahal, Kathmandu",35000000.0,north,3.5,5.0,3.0,2121.9500000000003,8.0,6.0,0,0,1,0,35000000.0
"Budhanilkantha, Kathmandu",105000000.0,south,4.5,9.0,4.0,3422.5,13.0,14.0,1,0,1,0,51359210.526315786
"Dhapakhel, Lalitpur",19000000.0,south,3.0,6.0,4.0,752.95,13.0,4.0,1,0,0,1,32500000.0
"Chandragiri, Kathmandu",40000000.0,south,2.5,5.0,4.0,5202.2,14.0,15.0,1,0,1,0,20920000.0
"Basundhara, Kathmandu",35000000.0,north,2.5,4.0,4.0,1779.7,16.0,4.0,1,0,0,0,50125000.0
"Thankot, Kathmandu",16000000.0,south-west,2.5,5.0,3.0,787.175,13.0,4.0,1,0,0,0,17794117.647058822
"Khumaltar, Lalitpur",31000000.0,south-east,3.5,5.0,4.0,1403.225,13.0,4.0,1,0,0,0,44153846.15384615
"Koteshwor, Kathmandu",45000000.0,east,3.5,5.0,6.0,1369.0,26.0,18.0,1,0,1,0,41125000.0
"Bharatpur, Chitwan",17000000.0,north,2.0,4.0,2.0,1369.0,20.0,4.0,0,0,0,0,17000000.0
"Gongabu, Kathmandu",51500000.0,south-west,2.5,5.0,3.0,2738.0,10.0,8.0,1,0,1,0,38428571.428571425
"Budhanilkantha, Kathmandu",35000000.0,south-west,2.5,4.0,4.0,1437.45,13.0,15.0,1,0,0,0,51359210.526315786
"Budhanilkantha, Kathmandu",35000000.0,south-west,2.5,4.0,4.0,1437.45,13.0,5.0,1,0,0,0,51359210.526315786
"Ochu Height, Lalitpur",23000000.0,west,2.5,4.0,4.0,1026.75,13.0,4.0,1,0,1,0,27000000.0
"Mandikhatar, Kathmandu",39500000.0,east,2.5,5.0,5.0,1711.25,16.0,18.0,1,0,0,0,43173333.333333336
"Thankot, Kathmandu",21000000.0,north,2.5,4.0,4.0,1026.75,13.0,14.0,1,0,0,0,17794117.647058822
"Imadol, Lalitpur",70000000.0,south-west,4.5,14.0,6.0,2395.75,18.0,5.0,1,0,0,0,29527777.777777776
"Makalbari, Kathmandu",31000000.0,north-east,1.0,2.0,1.0,2738.0,13.0,17.0,1,0,1,0,28750000.0
"Imadol, Lalitpur",24000000.0,east,3.0,4.0,4.0,1060.9750000000001,13.0,20.0,1,0,0,0,29527777.777777776
"Changathali, Lalitpur",15000000.0,east,2.5,6.0,4.0,1060.9750000000001,11.0,12.0,1,0,0,0,16750000.0
"Pepsicola, Kathmandu",24000000.0,east,3.0,4.0,4.0,752.95,20.0,8.0,1,0,1,0,31833333.333333332
"Imadol, Lalitpur",27500000.0,west,2.5,5.0,4.0,1095.2,20.0,14.0,1,0,1,0,29527777.777777776
"Baniyatar, Kathmandu",37500000.0,south-west,3.0,7.0,4.0,1197.875,14.0,14.0,1,0,0,0,28500000.0
"Thapagaun, Kathmandu",43000000.0,east,2.5,3.0,3.0,1437.45,12.0,5.0,1,0,0,0,43000000.0
"Ekatabasti, Kathmandu",29500000.0,north-east,2.5,4.0,4.0,1369.0,13.0,7.0,1,0,0,0,24666666.666666668
"Kharibot, Kathmandu",30500000.0,west,2.5,5.0,3.0,1711.25,14.0,5.0,1,0,1,0,31575000.0
"Bhaisepati, Lalitpur",26500000.0,north-west,2.5,5.0,5.0,1095.2,16.0,5.0,0,0,0,0,47632203.38983051
"Jharuwarasi, Lalitpur",13000000.0,north-west,2.5,3.0,2.0,1471.675,20.0,14.0,1,0,0,0,13000000.0
"Budhanilkantha, Kathmandu",36000000.0,south-west,2.5,6.0,5.0,1711.25,14.0,5.0,1,0,0,0,51359210.526315786
"Paknajol, Kathmandu",72500000.0,north,3.0,6.0,4.0,3080.25,10.0,7.0,1,0,1,0,72500000.0
"Pasikot, Kathmandu",35000000.0,south-east,2.5,5.0,4.0,2053.5,13.0,5.0,1,0,1,0,32693333.333333332
"Sinamangal, Kathmandu",49000000.0,west,2.5,5.0,4.0,1403.225,20.0,5.0,1,0,1,0,47000000.0
"Imadol, Lalitpur",26500000.0,north,2.5,5.0,4.0,1095.2,13.0,14.0,1,0,0,0,29527777.777777776
"Machhapokhari, Kathmandu",55000000.0,south-east,3.5,6.0,4.0,2738.0,10.5,24.0,1,0,0,0,44666666.666666664
"Manamaiju, Kathmandu",58500000.0,south-east,3.5,13.0,4.0,2806.45,18.0,12.0,1,0,1,1,49375000.0
"Manabahadur Marga, Kathmandu",35000000.0,west,3.5,5.0,6.0,1369.0,20.0,7.0,1,0,1,0,31000000.0
"Darjeeling Height, Bhaktapur",17500000.0,south,2.0,4.0,2.0,684.5,10.0,5.0,1,0,0,0,17500000.0
"Rudreshwor, Kathmandu",145000000.0,south-east,2.5,5.0,5.0,4107.0,13.0,7.0,1,0,1,0,67583333.33333333
"Dhapasi, Kathmandu",21000000.0,east,2.5,5.0,2.0,1026.75,13.0,12.0,1,0,0,0,38452173.91304348
"Narayanthan , Kathmandu",105000000.0,east,2.5,5.0,6.0,3764.75,13.0,5.0,1,0,1,0,52071428.571428575
"Manamaiju, Kathmandu",38000000.0,south,3.5,9.0,4.0,1369.0,12.0,4.0,1,0,0,0,49375000.0
"Maitidevi, Kathmandu",105000000.0,east,3.5,8.0,5.0,4791.5,13.0,24.0,1,0,0,0,105000000.0
"Sukedhara, Kathmandu",29500000.0,south,2.5,7.0,3.0,1369.0,12.0,24.0,1,0,0,0,33192307.692307692
"Thaiba, Lalitpur",12500000.0,south-east,2.5,4.0,4.0,1060.9750000000001,20.0,14.0,1,0,0,0,39166666.666666664
"Bhaisepati, Lalitpur",45000000.0,north-east,2.5,5.0,5.0,1711.25,13.0,5.0,1,0,0,0,47632203.38983051
"Basundhara, Kathmandu",40000000.0,west,3.0,6.0,5.0,1711.25,13.0,14.0,1,0,0,0,50125000.0
"Golfutar, Kathmandu",37500000.0,east,2.5,4.0,3.0,1403.225,13.0,14.0,1,0,0,0,37055555.55555555
"Chunikhel, Kathmandu",20500000.0,south-east,2.5,5.0,3.0,1060.9750000000001,13.0,8.0,1,0,0,0,20000000.0
"Mandikhatar, Kathmandu",22200000.000000004,east,2.5,5.0,4.0,1095.2,13.0,4.0,1,0,0,0,43173333.333333336
"Dallu, Kathmandu",45000000.0,east,4.5,6.0,5.0,1095.2,20.0,4.0,1,0,0,0,57500000.0
"Dhumbarahi, Kathmandu",69000000.0,south-east,4.5,7.0,7.0,2087.725,36.0,22.0,1,0,0,0,58000000.0
"Nakhudole, Lalitpur",29000000.0,south,2.5,3.0,4.0,1129.425,13.0,9.0,1,0,1,0,24000000.0
"Bhaisepati, Lalitpur",38000000.0,north,2.5,5.0,5.0,1779.7,13.0,7.0,1,0,0,0,47632203.38983051
"Koteshwor, Kathmandu",45000000.0,east,4.5,6.0,5.0,1369.0,26.0,7.0,0,0,0,0,41125000.0
"Budhanilkantha, Kathmandu",55000000.0,north-east,2.5,4.0,4.0,2806.45,13.0,11.0,1,0,1,0,51359210.526315786
"Anamnagar, Kathmandu",42500000.0,south-west,3.5,6.0,5.0,1129.425,11.0,4.0,1,0,0,0,42500000.0
"Bhangal , Kathmandu",33500000.0,south,2.5,5.0,4.0,1711.25,13.0,8.0,1,0,0,0,27633333.333333332
"Phutung, Kathmandu",26000000.0,west,3.0,5.0,3.0,1437.45,18.0,8.0,1,0,0,0,21000000.0
"Bhaisepati, Lalitpur",29500000.0,south-east,2.5,6.0,5.0,1095.2,20.0,4.0,1,0,1,0,47632203.38983051
"Narayanthan , Kathmandu",65000000.0,north,2.5,6.0,3.0,2395.75,18.0,8.0,1,0,0,0,52071428.571428575
"Gokarna, Kathmandu",13000000.0,east,1.0,2.0,1.0,1060.9750000000001,12.0,5.0,1,0,0,0,21500000.0
"Baluwakhani, Kathmandu",38000000.0,west,3.0,7.0,4.0,1711.25,13.0,8.0,1,0,1,1,29250000.0
"Bhangal , Kathmandu",29000000.0,north,2.5,4.0,4.0,1369.0,13.0,4.0,1,0,0,0,27633333.333333332
"Mandikhatar, Kathmandu",27500000.0,east,2.5,4.0,4.0,1095.2,32.0,10.0,1,0,0,0,43173333.333333336
"Sunakothi, Lalitpur",12500000.0,south-west,1.5,3.0,2.0,1437.45,8.0,11.0,1,0,0,0,44000000.0
"Panga, Kathmandu",35000000.0,south,3.5,14.0,4.0,1779.7,12.0,24.0,1,0,0,0,35000000.0
"Mandikhatar, Kathmandu",75000000.0,west,2.5,6.0,4.0,3080.25,15.0,7.0,1,0,1,0,43173333.333333336
"Budhanilkantha, Kathmandu",36000000.0,north,2.5,6.0,4.0,1711.25,13.0,11.0,1,0,0,0,51359210.526315786
"Jyotinagar, Kathmandu",22500000.0,south,2.5,7.0,4.0,1095.2,13.0,4.0,1,0,0,0,30460000.0
"Machhegaun , Kathmandu",10500000.0,east,2.5,7.0,3.0,1060.9750000000001,13.0,14.0,0,0,0,0,10500000.0
"Thulobharyang, Kathmandu",25000000.0,west,2.5,4.0,3.0,1060.9750000000001,14.0,23.0,1,0,0,0,23333333.333333332
"Chyasal, Lalitpur",22500000.0,west,3.0,7.0,4.0,1026.75,13.0,12.0,0,0,0,0,22500000.0
"Budhanilkantha, Kathmandu",32500000.0,south-east,2.5,6.0,5.0,1369.0,14.0,23.0,1,0,0,0,51359210.526315786
"Naya Basti, Kathmandu",25000000.0,east,3.5,5.0,3.0,1129.425,12.0,8.0,1,0,0,0,23000000.0
"Kapan, Kathmandu",24000000.0,west,2.5,6.0,5.0,1129.425,12.0,10.0,1,0,0,0,27269230.769230768
"Balkot, Bhaktapur",42500000.0,south,3.5,4.0,4.0,2053.5,10.0,4.0,1,0,0,0,37750000.0
"Mulpani, Kathmandu",31500000.0,north,2.5,5.0,4.0,1369.0,20.0,10.0,1,0,0,1,20250000.0
"Nakhudole, Lalitpur",27500000.0,south,2.5,3.0,4.0,1369.0,10.0,5.0,1,0,0,0,24000000.0
 undefined,18500000.0,east,2.5,6.0,4.0,1129.425,13.0,22.0,1,0,0,0,26250000.0
"Tikathali, Lalitpur",19000000.0,west,2.5,5.0,4.0,1026.75,13.0,4.0,1,0,0,0,25147058.82352941
"Tikathali, Lalitpur",18500000.0,west,2.5,5.0,4.0,787.175,13.0,8.0,1,0,0,0,25147058.82352941
"Kalikasthan, Kathmandu",60000000.0,north-west,5.5,8.0,8.0,1369.0,15.0,4.0,1,0,0,0,42500000.0
"Bhairabchaur, Kathmandu",25000000.0,east,2.5,4.0,3.0,1369.0,12.0,14.0,1,0,0,0,25000000.0
"Padma Colony, Kathmandu",20000000.0,north-east,3.0,3.0,2.0,1711.25,10.0,13.0,1,0,1,0,20000000.0
"Dallu, Kathmandu",70000000.0,east,4.5,5.0,4.0,3080.25,12.0,8.0,1,0,0,0,57500000.0
"Mahadevtar, Kathmandu",46500000.0,south,2.5,6.0,5.0,3490.95,20.0,12.0,1,0,1,0,53250000.0
"Mandikhatar, Kathmandu",35000000.0,north,3.5,5.0,4.0,1437.45,13.0,5.0,1,0,0,0,43173333.333333336
"Dhungedhara, Kathmandu",65000000.0,east,2.5,4.0,5.0,3148.7,20.0,14.0,1,0,1,0,65000000.0
"Thankot, Kathmandu",12500000.0,north,2.0,4.0,4.0,1026.75,13.0,4.0,0,0,0,0,17794117.647058822
"Mahadevtar, Kathmandu",46500000.0,south,2.5,6.0,3.0,3456.725,20.0,4.0,1,0,0,0,53250000.0
"Maharajgunj, Kathmandu",41000000.0,west,4.5,12.0,4.0,1711.25,12.0,4.0,1,0,0,0,87200000.0
"Hattiban, Lalitpur",34000000.0,east,3.5,8.0,4.0,1095.2,13.0,8.0,1,0,0,0,40300000.0
"Mid Baneshwor, Kathmandu",100000000.0,west,2.5,3.0,2.0,5476.0,12.0,5.0,1,0,1,0,73833333.33333333
"Teku, Kathmandu",77500000.0,east,3.5,7.0,4.0,2772.225,10.0,23.0,1,0,0,0,77500000.0
"Bansbari, Kathmandu",60000000.0,east,4.5,5.0,4.0,1369.0,15.0,4.0,1,0,0,0,55545454.54545455
"Bhutkhel , Kathmandu",26700000.0,west,3.0,7.0,3.0,1369.0,20.0,22.0,1,0,0,0,26700000.0
"Bouddha, Kathmandu",29500000.0,east,2.5,6.0,4.0,1369.0,18.0,4.0,1,0,0,0,59000000.0
"Sano thimi, Bhaktapur",21500000.0,north-west,3.5,5.0,3.0,1095.2,13.0,5.0,1,0,0,0,21500000.0
"Dhumbarahi, Kathmandu",95000000.0,north-west,2.5,4.0,4.0,3422.5,13.0,14.0,1,0,0,0,58000000.0
"Satungal, Kathmandu",18500000.0,west,2.5,6.0,4.0,1095.2,13.0,23.0,1,0,0,0,24000000.0
"Gurjudhara, Kathmandu",16500000.0,west,2.5,5.0,3.0,855.625,13.0,4.0,1,0,0,0,22666666.666666668
"Naikap, Kathmandu",21000000.0,south,2.5,4.0,4.0,1060.9750000000001,13.0,8.0,1,0,0,0,21000000.0
"Dhungeadda, Kathmandu",33000000.0,north,2.5,5.0,4.0,1197.875,13.0,4.0,1,0,1,0,33000000.0
"Golfutar, Kathmandu",29500000.0,east,2.5,6.0,3.0,1745.475,12.0,10.0,1,0,0,0,37055555.55555555
"Sukedhara, Kathmandu",30000000.0,south,2.5,4.0,4.0,1369.0,12.0,5.0,1,0,0,0,33192307.692307692
"Chandol, Kathmandu",90000000.0,east,2.5,5.0,4.0,3080.25,26.0,7.0,1,0,0,0,87500000.0
"Pasikot, Kathmandu",36000000.0,north,2.5,5.0,4.0,1711.25,13.0,5.0,1,0,0,1,32693333.333333332
"Bhangal , Kathmandu",21000000.0,east,2.5,5.0,4.0,1095.2,13.0,5.0,0,0,0,0,27633333.333333332
"Baluwakhani, Kathmandu",33500000.0,east,2.5,5.0,4.0,1711.25,14.0,23.0,1,0,0,0,29250000.0
"Baniyatar, Kathmandu",19500000.0,west,2.5,4.0,4.0,1026.75,12.0,22.0,1,0,0,0,28500000.0
"Padamsal, Kathmandu",24000000.0,west,3.0,5.0,4.0,1095.2,13.0,4.0,1,0,0,1,24000000.0
"Khichapokhari, Kathmandu",35500000.0,west,4.0,7.0,4.0,1813.925,10.0,17.0,1,0,0,0,35500000.0
"Bouddha, Kathmandu",67500000.0,north-east,4.0,8.0,6.0,3148.7,11.0,14.0,0,0,0,0,59000000.0
"Dhapasi, Kathmandu",19500000.0,east,2.5,5.0,3.0,1026.75,12.0,11.0,1,0,0,0,38452173.91304348
"Hattiban, Lalitpur",50000000.0,south,3.0,5.0,4.0,1882.375,16.0,4.0,1,0,0,1,40300000.0
"Sitapaila, Kathmandu",20000000.0,east,2.5,5.0,4.0,1026.75,11.0,8.0,1,0,0,0,31995000.0
"Jaya Bageshwori, Kathmandu",38500000.0,north,3.0,5.0,5.0,1369.0,18.0,21.0,1,0,0,0,38500000.0
"Kapan, Kathmandu",25000000.0,north-east,4.0,5.0,4.0,1026.75,10.0,11.0,1,0,0,1,27269230.769230768
"Bafal, Kathmandu",70000000.0,east,2.5,3.0,4.0,3148.7,13.0,22.0,1,0,0,0,39055555.55555555
"Baluwatar, Kathmandu",40000000.0,east,5.0,3.0,5.0,1060.9750000000001,14.0,6.0,1,0,0,0,54750000.0
"Srijananagar, Bhaktapur",22500000.0,north-west,3.0,7.0,3.0,1095.2,20.0,13.0,1,0,0,1,22500000.0
"Bagdol, Lalitpur",29000000.0,south,2.5,4.0,4.0,1711.25,15.0,10.0,1,0,0,1,42000000.0
"Bhangal , Kathmandu",23500000.0,east,2.5,4.0,4.0,1369.0,16.0,7.0,1,0,0,0,27633333.333333332
"Kapan, Kathmandu",11200000.000000002,east,1.0,2.0,1.0,1026.75,10.0,10.0,1,0,0,0,27269230.769230768
"Sukedhara, Kathmandu",17000000.0,north,2.5,4.0,4.0,752.95,13.0,6.0,1,0,0,0,33192307.692307692
"Lubhu, Lalitpur",15000000.0,south,2.5,5.0,3.0,1060.9750000000001,11.0,13.0,1,0,0,0,22600000.0
"Ganesh Chowk, Kathmandu",32500000.0,south,2.5,4.0,4.0,1437.45,13.0,7.0,1,0,0,0,42962500.0
"Thankot, Kathmandu",16500000.0,north,2.5,4.0,4.0,1369.0,13.0,4.0,1,0,0,0,17794117.647058822
"Gaurighat, Kathmandu",60000000.0,south,5.0,9.0,7.0,2395.75,10.0,5.0,1,0,0,0,41500000.0
"Goldhunga, Kathmandu",15000000.0,south,2.0,5.0,4.0,1026.75,13.0,17.0,1,0,0,0,21500000.0
"Pasikot, Kathmandu",60000000.0,east,3.5,6.0,5.0,3080.25,16.0,4.0,1,0,0,0,32693333.333333332
"Bhangal , Kathmandu",22000000.0,north-west,2.5,5.0,4.0,1403.225,13.0,7.0,1,0,0,0,27633333.333333332
"Imadol, Lalitpur",21000000.0,east,2.5,5.0,4.0,1026.75,20.0,7.0,1,0,0,0,29527777.777777776
"Chapali, Kathmandu",44000000.0,north-west,2.5,5.0,4.0,1711.25,12.0,4.0,1,0,0,0,33000000.0
"Bhaisepati, Lalitpur",40000000.0,north,2.5,3.0,3.0,1369.0,16.0,4.0,1,0,0,0,47632203.38983051
"Imadol, Lalitpur",18000000.0,north,2.5,4.0,3.0,787.175,13.0,4.0,1,0,1,0,29527777.777777776
"Saraswotinagar, Kathmandu",40000000.0,north-east,2.5,4.0,4.0,2395.75,13.0,4.0,1,0,1,0,31500000.0
"Banasthali, Kathmandu",70000000.0,east,2.5,4.0,5.0,3764.75,20.0,4.0,1,0,0,0,43800000.0
"Bhaisepati, Lalitpur",24500000.0,north,2.5,4.0,5.0,1095.2,13.0,8.0,1,0,0,0,47632203.38983051
"Kadaghari, Kathmandu",24000000.0,south-west,2.5,6.0,3.0,1026.75,13.0,4.0,1,0,0,0,38333333.333333336
"Machhapokhari, Kathmandu",49000000.0,north,2.5,6.0,3.0,2395.75,12.0,4.0,1,0,0,0,44666666.666666664
"Bhangal , Kathmandu",18500000.0,north-west,2.5,5.0,3.0,1060.9750000000001,13.0,8.0,1,0,0,0,27633333.333333332
"Sundarbasti, Kathmandu",20000000.0,north,2.5,5.0,5.0,1060.9750000000001,13.0,11.0,1,0,0,0,34144444.44444445
"Sipadol, Bhaktapur",22000000.0,south,2.5,5.0,3.0,1403.225,13.0,5.0,1,0,1,0,18500000.0
"Bansbari, Kathmandu",52000000.0,west,2.5,6.0,3.0,2464.2000000000003,20.0,6.0,0,0,1,0,55545454.54545455
"Kupandole, Lalitpur",80000000.0,south-west,3.5,9.0,4.0,5886.7,9.0,6.0,1,0,1,0,80000000.0
"Bhatkepati, Kathmandu",25000000.0,north,2.5,4.0,4.0,2053.5,20.0,20.0,1,0,0,0,25000000.0
"Dadhikot, Bhaktapur",25000000.0,south-east,3.5,12.0,4.0,1369.0,20.0,4.0,0,0,0,0,29333333.333333332
"Radhe Radhe, Bhaktapur",27000000.0,east,2.5,4.0,4.0,1471.675,20.0,5.0,1,0,0,0,37833333.333333336
"Imadol, Lalitpur",23000000.0,south-east,3.5,6.0,4.0,1369.0,13.0,6.0,1,0,0,0,29527777.777777776
"Nakkhu, Lalitpur",23000000.0,west,2.5,3.0,3.0,1026.75,13.0,4.0,1,0,1,0,33960000.0
"Nakkhu, Lalitpur",30000000.0,south,2.5,4.0,4.0,1369.0,14.0,4.0,1,0,1,0,33960000.0
"Nakkhu, Lalitpur",23000000.0,north,2.5,3.0,3.0,1026.75,13.0,28.0,1,0,0,0,33960000.0
"Dhapakhel, Lalitpur",29000000.0,south,2.5,7.0,5.0,1369.0,20.0,8.0,1,0,1,0,32500000.0
"Thankot, Kathmandu",13500000.0,east,2.5,5.0,4.0,1095.2,13.0,8.0,1,0,0,0,17794117.647058822
"Imadol, Lalitpur",25000000.0,west,2.5,7.0,3.0,1779.7,13.0,14.0,1,0,0,0,29527777.777777776
"Samakhusi, Kathmandu",34000000.0,west,3.5,10.0,4.0,2087.725,15.0,5.0,1,0,1,0,33875000.0
"Imadol, Lalitpur",29500000.0,east,2.5,6.0,4.0,1813.925,16.0,4.0,1,0,1,0,29527777.777777776
"Dhapasi, Kathmandu",37500000.0,north east,2.5,5.0,4.0,1369.0,13.0,4.0,1,0,0,0,38452173.91304348
"Sukedhara, Kathmandu",45000000.0,east,2.5,5.0,4.0,2121.9500000000003,12.0,4.0,1,0,0,0,33192307.692307692
"Srijana Chowk, Kathmandu",16000000.0,east,2.5,5.0,3.0,1129.425,8.0,10.0,1,0,0,0,16000000.0
"Sukedhara, Kathmandu",16000000.0,north,2.5,5.0,3.0,787.175,13.0,4.0,1,0,0,0,33192307.692307692
"Mulpani, Kathmandu",14000000.0,west,2.5,5.0,3.0,1026.75,8.0,20.0,1,0,0,0,20250000.0
"Sukedhara, Kathmandu",27000000.0,south,2.5,5.0,4.0,1369.0,13.0,8.0,1,0,0,0,33192307.692307692
"Bhaisepati, Lalitpur",57500000.0,south,2.5,5.0,4.0,1779.7,19.0,4.0,1,0,1,0,47632203.38983051
"Thecho, Lalitpur",27500000.0,south,3.5,7.0,5.0,1813.925,12.0,18.0,1,0,0,0,45833333.333333336
"Tokha, Kathmandu",32500000.0,north,2.5,3.0,4.0,1369.0,22.0,8.0,1,0,1,0,32375000.0
"Dhapasi, Kathmandu",30000000.0,south west,3.0,5.0,5.0,1369.0,28.0,5.0,1,0,0,0,38452173.91304348
"Ram Mandir, Kathmandu",28500000.0,north,2.5,6.0,4.0,1711.25,16.0,5.0,1,0,0,0,28500000.0
"Chhauni, Kathmandu",31000000.0,north,2.5,4.0,3.0,1437.45,14.0,9.0,1,0,0,0,34000000.0
"Setipakha, Lalitpur",22500000.0,east,2.5,5.0,3.0,1403.225,12.0,8.0,1,0,0,0,25642857.14285714
"Hattiban, Lalitpur",28700000.0,south,3.0,6.0,6.0,1403.225,13.0,4.0,1,0,0,1,40300000.0
"Thankot, Kathmandu",11500000.0,east,1.0,5.0,4.0,1369.0,13.0,14.0,1,0,0,0,17794117.647058822
"Ganesh Chowk, Kathmandu",35000000.0,south,2.5,5.0,5.0,1711.25,13.0,20.0,1,0,0,0,42962500.0
"Nakkhu, Lalitpur",33000000.0,south-west,2.5,4.0,4.0,1403.225,15.0,14.0,1,0,1,0,33960000.0
"Kusunti, Lalitpur",27000000.0,south,2.5,5.0,3.0,1369.0,15.0,20.0,1,0,0,0,71416666.66666667
"Kusunti, Lalitpur",24000000.0,south,2.5,4.0,3.0,1095.2,15.0,5.0,1,0,0,0,71416666.66666667
"Baluwakhani, Kathmandu",23500000.0,north,2.5,5.0,4.0,1095.2,15.0,11.0,1,0,0,0,29250000.0
"Sukedhara, Kathmandu",35000000.0,north,2.5,5.0,4.0,1711.25,13.0,14.0,1,0,0,0,33192307.692307692
"Golfutar, Kathmandu",28000000.0,east,2.5,6.0,4.0,1369.0,18.0,14.0,1,0,0,0,37055555.55555555
"Ganesh Chowk, Kathmandu",35000000.0,south,2.5,5.0,5.0,1711.25,13.0,20.0,1,0,0,0,42962500.0
"Ganesh Chowk, Kathmandu",32000000.0,south-west,2.5,5.0,5.0,1437.45,15.0,8.0,1,0,0,0,42962500.0
"Narayanthan , Kathmandu",35000000.0,north-east,2.5,5.0,5.0,1369.0,13.0,5.0,1,0,1,0,52071428.571428575
"Nakkhu, Lalitpur",23500000.0,east,2.5,4.0,5.0,1026.75,20.0,8.0,1,0,1,0,33960000.0
"Bhaisepati, Lalitpur",28000000.0,east,2.5,4.0,4.0,1471.675,16.0,20.0,1,0,1,0,47632203.38983051
"Shankhamul, Kathmandu",40000000.0,west,2.5,7.0,3.0,1369.0,13.0,24.0,0,0,0,0,52125000.0
"Dhapasi, Kathmandu",28000000.0,south-east,2.5,5.0,4.0,1437.45,13.0,14.0,1,0,0,0,38452173.91304348
"Tokha Height, Kathmandu",23000000.0,east,2.5,5.0,4.0,1095.2,12.0,20.0,1,0,0,0,23000000.0
"Hattiban, Lalitpur",21500000.0,east,2.5,6.0,4.0,1369.0,12.0,11.0,1,0,0,0,40300000.0
"Gothatar, Kathmandu",40000000.0,south-west,2.5,4.0,3.0,2053.5,20.0,14.0,1,0,0,0,24375000.0
"Syuchatar, Kathmandu",20500000.0,south,2.5,6.0,3.0,1026.75,13.0,14.0,1,0,0,0,26500000.0
"Khadka Gaun, Kathmandu",23000000.0,north-west,2.5,4.0,4.0,1369.0,13.0,5.0,1,0,0,0,23000000.0
"Kapan Gumba, Kathmandu",14000000.0,east,2.5,3.0,2.0,1095.2,13.0,11.0,1,0,0,0,14000000.0
"Narayantar, Kathmandu",27500000.0,east,2.5,3.0,4.0,1437.45,18.0,14.0,1,0,1,0,33333333.333333332
"Thaiba, Lalitpur",48500000.0,north-east,2.5,4.0,4.0,2053.5,20.0,10.0,1,0,1,0,39166666.666666664
"Budhanilkantha, Kathmandu",115000000.0,south,2.5,7.0,5.0,2943.35,13.0,12.0,1,0,1,0,51359210.526315786
"Dhapasi, Kathmandu",33000000.0,south,2.5,6.0,4.0,2053.5,20.0,30.0,1,0,0,0,38452173.91304348
"Bafal, Kathmandu",46000000.0,south,3.5,7.0,4.0,1779.7,16.5,8.0,0,0,0,0,39055555.55555555
"Narayanthan , Kathmandu",45000000.0,west,2.0,4.0,4.0,2053.5,19.0,6.0,1,0,0,0,52071428.571428575
"Budhanilkantha, Kathmandu",47000000.0,south west,2.5,5.0,4.0,2053.5,15.0,6.0,1,0,1,0,51359210.526315786
"Katunje, Bhaktapur",23500000.0,east,3.5,8.0,4.0,1369.0,20.0,22.0,0,0,0,0,28750000.0
"Thankot, Kathmandu",15000000.0,east,2.5,4.0,4.0,1026.75,13.0,17.0,1,0,0,0,17794117.647058822
"Deuwa chowk, Kathmandu",32500000.0,south-west,2.5,5.0,5.0,1403.225,14.0,6.0,1,0,0,0,48200000.0
"Bhaisepati, Lalitpur",38000000.0,north,2.5,4.0,4.0,1369.0,20.0,7.0,1,0,1,0,47632203.38983051
"Bhaisepati, Lalitpur",24500000.0,east,2.5,4.0,5.0,1095.2,20.0,17.0,1,0,1,0,47632203.38983051
"Liwali, Bhaktapur",35000000.0,east,2.5,3.0,2.0,2464.2000000000003,13.0,6.0,1,0,1,1,35000000.0
"Hattigaunda, Kathmandu",23000000.0,east,2.5,4.0,4.0,1026.75,13.0,5.0,1,0,0,1,42730769.23076923
"Bafal, Kathmandu",25500000.0,east,2.5,4.0,4.0,1437.45,13.0,6.0,1,0,0,0,39055555.55555555
"Kalanki, Kathmandu",42500000.0,east,3.0,5.0,3.0,2738.0,14.0,7.0,1,0,1,0,34900000.0
"Ramkot, Kathmandu",15500000.0,north,2.0,4.0,2.0,1369.0,20.0,17.0,1,0,0,0,15500000.0
"Khusibu, Kathmandu",41000000.0,east,3.5,7.0,7.0,1437.45,20.0,17.0,1,0,0,1,60000000.0
"Hattiban, Lalitpur",21500000.0,north,2.5,6.0,4.0,1369.0,13.0,5.0,1,0,0,0,40300000.0
"Budhanilkantha, Kathmandu",41500000.0,north-west,2.5,6.0,6.0,1745.475,13.0,6.0,1,0,0,0,51359210.526315786
"Grande Villa, Kathmandu",26000000.0,north,2.5,4.0,3.0,1369.0,26.0,12.0,1,0,0,0,39375000.0
"Hattigaunda, Kathmandu",34500000.0,east,2.5,4.0,5.0,1711.25,14.0,17.0,1,0,0,0,42730769.23076923
"Dhapasi, Kathmandu",50000000.0,east,2.5,7.0,5.0,3798.975,15.0,8.0,1,0,1,0,38452173.91304348
"Tokha, Kathmandu",38000000.0,west,2.5,4.0,4.0,2395.75,20.0,7.0,1,0,1,0,32375000.0
"Budhanilkantha, Kathmandu",55000000.0,north-west,2.5,4.0,4.0,3080.25,14.0,6.0,1,0,1,0,51359210.526315786
"Kapan, Kathmandu",36000000.0,south,2.5,6.0,4.0,2395.75,13.0,14.0,1,0,1,1,27269230.769230768
"Budhanilkantha, Kathmandu",58000000.0,east,2.5,5.0,4.0,4107.0,12.0,15.0,1,0,0,0,51359210.526315786
"Manabahadur Marga, Kathmandu",27000000.0,north,2.5,5.0,4.0,1369.0,13.0,17.0,0,0,0,0,31000000.0
"Hepali Height, Kathmandu",27000000.0,east,2.5,5.0,4.0,1369.0,15.0,7.0,1,0,0,0,41700000.0
"Budhanilkantha, Kathmandu",44500000.0,west,2.5,6.0,4.0,1711.25,15.0,6.0,1,0,1,0,51359210.526315786
"Bansbari, Kathmandu",45000000.0,east,2.5,6.0,4.0,2738.0,20.0,6.0,1,0,0,0,55545454.54545455
"Thankot, Kathmandu",30000000.0,east,3.5,5.0,5.0,1369.0,13.0,16.0,1,0,0,0,17794117.647058822
"Nakhipot, Lalitpur",25000000.0,north,2.5,5.0,3.0,1437.45,20.0,5.0,1,0,0,1,34208333.333333336
"Thankot, Kathmandu",19000000.0,north,2.0,4.0,2.0,1369.0,16.0,13.0,0,0,0,0,17794117.647058822
"Gongabu, Kathmandu",35000000.0,west,3.5,5.0,4.0,1437.45,20.0,20.0,1,0,0,0,38428571.428571425
"Shankhamul, Kathmandu",55500000.0,south,4.5,6.0,5.0,1369.0,15.0,16.0,1,0,0,0,52125000.0
"Banasthali, Kathmandu",20000000.0,north,2.5,5.0,3.0,1095.2,8.0,12.0,0,0,0,0,43800000.0
"Thankot, Kathmandu",16000000.0,south,2.5,6.0,4.0,1369.0,16.0,12.0,1,0,0,0,17794117.647058822
"Thankot, Kathmandu",16000000.0,west,2.5,5.0,2.0,1060.9750000000001,13.0,12.0,1,0,0,0,17794117.647058822
"Siddhartha Colony, Kathmandu",70000000.0,south,4.0,9.0,5.0,3080.25,12.0,13.0,0,0,0,0,52500000.0
"Imadol, Lalitpur",25000000.0,south,2.5,5.0,5.0,1095.2,15.0,9.0,1,0,0,0,29527777.777777776
"Imadol, Lalitpur",21500000.0,south,2.5,4.0,3.0,1060.9750000000001,13.0,6.0,1,0,0,0,29527777.777777776
"Pasikot, Kathmandu",32000000.0,east,3.0,4.0,6.0,1882.375,14.0,12.0,1,0,0,0,32693333.333333332
"Bhangal , Kathmandu",19000000.0,east,2.5,6.0,4.0,1026.75,10.0,12.0,1,1,0,0,27633333.333333332
"Kapan, Kathmandu",20000000.0,north,2.5,5.0,4.0,1471.675,13.0,24.0,1,1,1,1,27269230.769230768
"Gongabu, Kathmandu",18500000.0,north east,2.5,5.0,4.0,1026.75,12.0,3.0,1,1,0,0,38428571.428571425
"Bhangal , Kathmandu",18000000.0,west,2.0,4.0,2.0,1369.0,13.0,3.0,0,0,0,0,27633333.333333332
"Grande Hospital, Kathmandu",32799999.999999996,south west,2.5,6.0,5.0,1403.225,10.0,4.0,0,1,1,1,28160000.0
"Kapan, Kathmandu",36000000.0,west,2.5,4.0,3.0,1369.0,16.0,11.0,1,1,0,1,27269230.769230768
"Dhapasi, Kathmandu",21500000.0,south,2.5,5.0,5.0,1026.75,12.0,7.0,1,1,1,1,38452173.91304348
"Thankot, Kathmandu",11500000.0,south,2.5,5.0,3.0,752.95,10.0,10.0,1,1,0,1,17794117.647058822
"Kalanki, Kathmandu",13000000.0,south east,2.0,4.0,3.0,787.175,13.0,6.0,0,1,0,0,34900000.0
"Thankot, Kathmandu",21000000.0,east,3.0,5.0,5.0,1711.25,10.0,12.0,1,0,0,0,17794117.647058822
"Thankot, Kathmandu",13500000.0,north,2.5,4.0,3.0,787.175,11.0,6.0,1,1,1,1,17794117.647058822
"Thankot, Kathmandu",17500000.0,south east,2.5,5.0,4.0,2121.9500000000003,11.0,7.0,1,1,1,0,17794117.647058822
"Bouddha, Kathmandu",80000000.0,north,4.0,7.0,3.0,2395.75,16.5,7.0,1,1,1,0,59000000.0
"Budhanilkantha, Kathmandu",23500000.0,east,2.5,6.0,3.0,1060.9750000000001,12.0,12.0,0,1,1,1,51359210.526315786
"Golfutar, Kathmandu",32500000.0,west,3.0,6.0,5.0,1369.0,15.0,25.0,1,1,1,0,37055555.55555555
"Sukedhara, Kathmandu",42500000.0,north,2.5,5.0,4.0,1369.0,12.0,8.0,1,0,1,1,33192307.692307692
"Budhanilkantha, Kathmandu",67500000.0,north,2.5,4.0,4.0,4107.0,12.0,8.0,1,0,0,0,51359210.526315786
"Chappal karkhana, Kathmandu",32000000.0,north,2.5,4.0,5.0,1095.2,12.0,3.0,1,0,0,0,32000000.0
"Samakhusi, Kathmandu",32000000.0,west,2.5,6.0,5.0,1369.0,15.0,4.0,0,0,0,0,33875000.0
"Nakhipot, Lalitpur",23000000.0,north,2.5,4.0,3.0,1129.425,16.0,4.0,0,0,0,0,34208333.333333336
"Banasthali, Kathmandu",45000000.0,north,4.0,7.0,5.0,1540.125,15.0,10.0,1,0,0,0,43800000.0
"Satdobato, Lalitpur",45000000.0,north,2.5,6.0,4.0,3080.25,20.0,11.0,1,0,1,0,43187500.0
"Sanepa, Lalitpur",75000000.0,north,3.0,6.0,4.0,2395.75,15.0,3.0,1,0,0,0,66750000.0
"Hattiban, Lalitpur",100000000.0,west,2.0,4.0,4.0,1437.45,18.0,3.0,1,1,1,1,40300000.0
"Jawalakhel, Lalitpur",36000000.0,west,2.5,5.0,5.0,1369.0,12.0,3.0,1,1,0,1,73000000.0
"Hattiban, Lalitpur",30000000.0,east,4.0,4.0,4.0,1026.75,12.0,3.0,1,0,0,0,40300000.0
"Naxal, Kathmandu",38000000.0,south east,2.5,6.0,5.0,1369.0,15.0,10.0,1,0,0,0,46500000.0
"Budhanilkantha, Kathmandu",105000000.0,west,2.5,5.0,4.0,3080.25,16.0,6.0,1,0,0,0,51359210.526315786
"Budhanilkantha, Kathmandu",70000000.0,east,3.0,7.0,4.0,2669.5499999999997,12.0,11.0,1,0,1,0,51359210.526315786
"Budhanilkantha, Kathmandu",57000000.0,north,3.0,10.0,8.0,2395.75,15.0,9.0,1,0,0,0,51359210.526315786
"Nakkhu, Lalitpur",25000000.0,north,2.5,5.0,5.0,1403.225,30.0,11.0,1,0,0,1,33960000.0
"Hattiban, Lalitpur",35000000.0,east,2.5,6.0,3.0,1026.75,20.0,8.0,1,0,0,0,40300000.0
"Kusunti, Lalitpur",110000000.0,east,2.5,4.0,4.0,3080.25,20.0,7.0,1,0,1,0,71416666.66666667
"Samakhushi chowk, Kathmandu",35000000.0,south-west,2.5,4.0,3.0,1711.25,16.5,11.0,1,0,1,1,38500000.0
"Maligaon, Kathmandu",65000000.0,north-west,2.5,5.0,6.0,4107.0,16.5,7.0,1,0,0,1,65000000.0
"Kusunti, Lalitpur",42500000.0,south-west,2.5,4.0,4.0,1779.7,15.0,6.0,1,0,0,1,71416666.66666667
" Gongabu,  Kathmandu",24500000.0,north,2.5,6.0,3.0,752.95,12.0,8.0,0,0,0,0,24500000.0
" Nagarjung,  Kathmandu",325000000.0,south,2.5,5.0,3.0,1026.75,14.0,15.0,0,0,0,1,325000000.0
" NAGARJUNG,  KATHMANDU",60000000.0,west / north,2.5,6.0,7.0,3490.95,14.0,6.0,0,0,0,1,45750000.0
" NAGARJUNG,  KATHMANDU",31500000.0,north,2.5,6.0,3.0,1026.75,13.0,3.0,0,0,0,0,45750000.0
" IMADOL,  LALITPUR",27500000.0,north,2.5,6.0,5.0,1026.75,13.0,17.0,0,0,0,1,27500000.0
" SANOBHARYANG,  KATHMANDU",49000000.0,south-east,2.5,5.0,2.0,1437.45,20.0,6.0,0,0,0,0,49000000.0
" CHAMATI,  KATHMANDU",27000000.0,south,3.0,5.0,3.0,855.625,20.0,6.0,0,0,0,0,27000000.0
" Imadol,  lalitpur",27500000.0,east,2.5,6.0,5.0,1197.875,13.0,3.0,0,0,0,1,27500000.0
" Godamchaur,  Lalitpur",29000000.0,south,2.5,6.0,4.0,1095.2,13.0,13.0,0,0,0,0,29000000.0
" Bafal,  Kathmandu",40000000.0,north,2.5,4.0,4.0,1437.45,20.0,17.0,0,0,0,1,32333333.333333332
" Chandagiri,  Kathmandu",27000000.0,north,3.5,6.0,5.0,1745.475,13.0,4.0,0,0,0,1,27000000.0
" Bhaisepati,  Lalitpur",37500000.0,south-west,2.5,4.0,5.0,1129.425,14.0,3.0,0,0,0,1,37500000.0
" Bafal,  Kathmandu",28500000.0,west,2.5,5.0,3.0,1026.75,12.0,4.0,0,0,0,1,32333333.333333332
" Ramkot,  Kathmandu",24000000.0,south-west,2.5,4.0,3.0,1129.425,13.0,4.0,1,1,1,1,24000000.0
" Sitapaila-5,  Kathmandu",29000000.0,east,2.5,5.0,4.0,1197.875,13.0,4.0,1,1,1,1,29000000.0
" Bafal,  Kathmandu",28500000.0,south-west,3.5,5.0,3.0,1369.0,13.0,4.0,0,0,0,0,32333333.333333332
" Lolang,  Kathmandu",18500000.0,south-west,2.5,6.0,3.0,1403.225,10.0,4.0,1,0,1,0,18500000.0
" Thulo bharyang,  Kathmandu",28000000.0,east,3.0,4.0,3.0,1026.75,13.0,4.0,0,0,0,0,28000000.0
